slug,id,document_key
bitcoin,5aeacb0cca5e76000dab93a1,SksIiBd6z
ethereum,5aeadada080b3a000d78936c,H1ugBX9Bd
tether,5aeade00080b3a000d78936d,HJkQAIupM
usd-coin,606859976e5a8900107faa48,HJX1cRBSO
binance,5aeb54be080b3a000d789371,rk8JSCuaz
ripple,5aeacf0cca5e76000dab93a2,Sk2X1IOaf
cardano,5ed40bbbf9f81a000edff161,HkUIhFWhL
solana,5fb7fef80009ce001085ce85,rkzN1YB9w
dogecoin,6043cad7d4f39a0010f5d621,HyX-oSWQO
matic-network,5f24933cafdae0000e7bbdc9,HyH_XzfbD
polkadot,5fa45a1d49365c0010de2503,B1uD5RZKD
shiba-inu,609a78940423d5000fad8ced,rJsAugdOd
dai,5f20204cb8868b000eb44173,rJQKxiTxv
polygon,603a1bf79d860a00102feea4,rk1I25PzO
tron,5aead50d080b3a000d78936b,SJd7rLdTz
avalanche,5fb800d20009ce001085ce8a,BkB3-YH5P
leocoin,5b2c2ef10b15cb000ea2d167,ryT7k3K-X
wrapped-bitcoin,5fa45d1f49365c0010de250c,H1SUa0WFw
unus-sed-leo,5fb8170e10d38b0010ff2441,S1_BP5Hqw
uniswap,5fa45f4d49365c0010de2515,SyrzV-MBu
cosmos,5ed410e9f9f81a000edff168,BJNXW5ZnU
litecoin,6053d0bc2c03620010b9c161,SkGJbIbEO
chainlink,5ccb0e4e09b644000eadba07,B1U9CtOiE
ftx-token,5e1b52c30aa9e9000ea0fd88,HJRMXAOeU
crypto-com-chain,5ccb000409b644000eadb9e4,rJ-RxKdsE
stellar,5aead170080b3a000d789369,rJx3ZId6M
flow-dapper-labs,603033ee5b7bf000102317af,SyLbBhpZd
lido-dao,63c8cab8aa1a876c83cb4859,Vv-52YATi
vechain,5ed40524f9f81a000edff152,rysIBFW28
filecoin,5fa45e7449365c0010de2512,B1F5C0bYD
chiliz,5e3f1abdb4c11d0018ab17bd,HkkOi93MU
internet-computer,63c8cef9aa1a876c83cb4add,yadGK3-c-
tezos,5ccafcd809b644000eadb9df,BkNz6udiE
decentraland,5b140425624c02000ee512d4,rJ-nNYZxm
hedera-hashgraph,5e1cc50c3833df000e67a2a5,SJTLBSqeL
the-sandbox,60318b0c9c4731001009dc64,HJoEs-JGO
quant,5ce79fdd7cfe9d000e778dde,ry_rgmBpE
eos-1,604393e4d4f39a0010f5d570,BkAz4fWXO
theta-token,5b13a8b1624c02000ee51292,rkh7tmbxX
elrond,5e1cc6eb3833df000e67a2aa,Bk0fDH5x8
aave,5e4556520300e8000eada3f3,HJCqURGmI
kucoin-shares,5af3d8b9560819000d6028b4,HyU0dUbRG
zcash,5aeb687e080b3a000d789374,S17gyr-Gd
bittorrent,5ccb601b09b644000eadba22,H1VPe1KoV
iota,5aead31a080b3a000d78936a,SkUUXUdaf
synthetix-network-token,5e1b56ab0aa9e9000ea0fd90,rklNPAOeU
klaytn,6061a3dd29f30500103cc7ff,HJib4XJrd
maker,5af060da12eed6000d53512d,SydeWy06M
gemini-dollar,63c8bddb7525e80f4c784be4,qM5O_Ktbn
helium,60414ebbd9bcb60010740fc9,rJLzyA0zu
neo,5fb82a4310d38b0010ff245f,Bkq_qjHcv
fantom,5cfeaf216e3915000eddcfed,BJYrJN2RN
pax-gold,60415c33d9bcb60010741008,r1tw30CGu
thorchain,60649de1844e3f0010f19c75,rJym0MGBd
nexo,5b1cbc0de0beb5000e207e29,rymO0NceQ
curve-dao-token,603014212d974300100060ed,rkL5EcaWu
enjin-coin,5ccb618309b644000eadba26,Hk6AbktjV
dash,5fb8110810d38b0010ff2437,B1RrZ9B9w
basic-attention-token,5af16ce694d054000d104f7d,ByqY0kkCM
waves,5fbc29fa4da13d001083a87a,ryiX5otcv
zilliqa,5aec24f0080b3a000d789377,HJnNSoK6G
fei-protocol,607062f0fee8b50010cca369,SJbEQ1RBO
ravencoin,5b2048ae6c7116000e12a3e3,S1WmtpTlX
kava-io,5fb82f0e10d38b0010ff246b,Sk_Ny2S9v
compound,5f201d6ab8868b000eb44166,r1CcaqTxv
loopring,5af06d2e12eed6000d535131,rkMI6kCaf
celsius,5e401a3c1b1171000eb8b048,ByIt99TzI
1inch,602ffc8231776a0010650341,rJ_T2O6WO
nem,5ed41328f9f81a000edff170,HyI975WnU
holo,5af43f04196991000da4e29d,SJRrkaWRG
ankr-network,5cff2228d2dd5c000e84dcda,HJuYzih0N
terra,5f201ebbb8868b000eb4416d,HJf-1oaev
arweave,60303b1e5b7bf000102317e2,Bk3LihTbO
xinfin-network,6071bc0df593cd00103ff03a,SJRS2V1Uu
gnosis,5b17d40b8b33af000ed2b37c,Hyhu48rg7
usdj,63c8c567aa1a876c83cb44bb,Xo4sshb9w
qtum,5aeae26c080b3a000d78936f,Byp2fw_pM
safemoon,6058d82b4dfcdc0010b9859b,HJPwuI84O
kyber-network,5af3dbf7560819000d6028b5,HydX2IZRz
link,63c8c1a07525e80f4c784dff,mNx1bGDnD
iotex,5b20e5d31de29f000ea165df,HJRgLvCgX
golem,5af05f5112eed6000d53512c,S1Q_1yRTG
theta-fuel,63c8bf7f7525e80f4c784ccd,HCBkbWpDs
rocket-pool,5e46814403c305000ef755b6,rJ1d-Z478
reserve-rights,5d507efc929bd0000e5ce2fe,ByvvJWRXr
omisego,5aeadef4080b3a000d78936e,SJhNJDu6M
harmony,5e21cdb29aa6ab000e77a270,SkVJ0H1W8
iostoken,5af0736112eed6000d535133,r1AcQeAaM
zeon,5e467ef703c305000ef755b2,S1mSJZV7L
chain,63c904ab4a323b78af8b00e5,tnqTp-S7r
balancer,604ca40cc191230010c8b466,Hk9DV75mu
0x,5aec340d94c77a000d700f91,ByDVN2tTf
bora,5e944a8dd02e7f000eda6236,Skdp96WdL
symbol,63c8cd1caa1a876c83cb49ca,futN4zsxm
icon,5aeb51d0080b3a000d789370,ryflf0dTf
just,63c8c5bdaa1a876c83cb44f9,dWPORTj7j
zencash,5b13fe04624c02000ee512ca,r1CHkYWl7
abbc-foundation,5ccb0c4309b644000eadba03,S1nvnK_oE
serum,603039c15b7bf000102317d9,rypJch6-_
ontology,5ed409a0f9f81a000edff15c,rJpb5KbnU
siacoin,5aec2a8594c77a000d700f8e,BJ1-joYTG
wax-1,5ccb65e109b644000eadba30,
swipe,5e1b645f0aa9e9000ea0fd9a,B1pq4kKlI
audius,6042b225cefa7d001049ae03,SyUDGNgQd
polymath,5af43bb9196991000da4e29a,SyOAs3-0G
voyager-token,603143fb5b7bf00010231cbf,BkJSEa0W_
chia-network,60a16f8de26d6b000f7d3cd6,Bye1gl1tu
ergo-1,6084246c0b94e6000f6f61f5,SkocViWwd
secret,6074b9af4ff7640010e50523,SyvJ9Nz8d
swissborg,5f249056afdae0000e7bbdc4,rJPYxfzbv
uma,6030032731776a001065036c,H16_mKT-u
digibyte,603a6eb29d860a00102fefc6,HkZ1Jx_zd
skale-network,60437840d4f39a0010f5d509,SJCOOlZ7O
civic,5fb80f1610d38b0010ff2433,r1-By9S5D
keep-network,60437351d4f39a0010f5d4e6,S1gqmgbmu
storj,63c14ca22e8fab2b576d0653,pFBBdlvEh
medibloc,5b24f664b84b58000e5d92d1,HJfj8Of-7
ceek-vr,5b29f76875cf69000ef18bb9,rk-Z__wWm
ultra,5e47ca813eeff40018892c6a,H18n5SBX8
humanscape,5cff296e6edb820018c1ae59,Sy03to2R4
stasis-euro,60830af50dbabc000f6472fc,BJ7vsYxvO
request-network,5b17669d6bcb44000e79a550,ByeQw1BeQ
energy-web-token,5fa4639e49365c0010de2521,S17AmkzFv
tribe,63c8d95d4a323b78af8aeac9,Wim5pJvGH
syscoin,5af436d0196991000da4e296,H1v1v2bAf
maidsafecoin,5cc9530fd35ff90018ac7f4c,ByGv7RLsV
conflux-network,606ca195185c5000106d8294,HkTCZQcHu
bitcoin-standard-hashrate-token,6074b3e84ff7640010e504f7,H1kLVEMUu
ren,5ce79e8d7cfe9d000e778dda,HJ8pRMraV
celer-network,5ce6af3cdcfde8000e99168f,By-9JN464
coti,5f202cafb8868b000eb4418c,SJm1pipgP
mvl,5fb81d8b10d38b0010ff244d,S1KTa5rqP
wink,5d8a264903d49f001864b6dd,SkOFUivDB
status,5af062be12eed6000d53512e,H1kfmyAaf
power-ledger,5b13f4cc624c02000ee512b9,HyHfUdbg7
avinoc,63c8bdbb7525e80f4c784bc9,Wp6xhPfrd
ardor,5af1736394d054000d104f80,BJZYXgJRM
velas,5e46fdf70ee1ca000e6625f5,H1WFCu47I
orbs,5cd0393b324b00000e0baa48,HymcK36oV
reef,6030018b31776a001065035f,HkU6-FpZO
prometeus,6042b4f8cefa7d001049ae12,B1LNSVlmu
function-x,5e4558010300e8000eada3f7,r1tSOAMQL
uquid-coin,5b2f1fb03b8e93000e2bc184,ryCzejn-Q
ocean-protocol,5f2494aaafdae0000e7bbdcf,B1kyHzG-D
dent,5b17cbe78b33af000ed2b36c,ryj8nrHgX
iexec,5b13bd32624c02000ee512ab,rkUATVZgQ
numeraire,5b31d2058f3658000eac0c0b,Sy9rzU1zX
dexe,63c8c954aa1a876c83cb4768,SJ-62xdHT
everscale,63c8c98daa1a876c83cb4795,pM5DDeh71
api3,6076f2a3a5f6d80010f22633,SJgMm_4Ld
steem,5aec17d8080b3a000d789376,ByuZ_cF6G
telcoin,5b2390ff5e4952000e62eea3,HyiVWfWZQ
cartesi,6042a898cefa7d001049add4,r14C_mgmd
funfair,5af3e039560819000d6028b8,Hy-veP-Rz
bancor,5af43551196991000da4e295,ryWFBhWCf
constellation,5b6013ee900ca8000eb2072f,SJkBN964X
quarkchain,5b21437e1de29f000ea165eb,B1bJ4pRem
chromia,60774f0ea5f6d80010f22833,rklUkR48O
wazirx,5e4560c00300e8000eada40b,Sy-MWkQ78
augur,5af075b312eed6000d535134,SyKAHgApG
raydium,6042b08dcefa7d001049adf5,BJgplVgQO
xyo,63c8bda67525e80f4c784bb7,-70q7UcpA
rakon,63c8c42caa1a876c83cb43cc,usmLh121K
bifrost,63c8ca72aa1a876c83cb4825,RNJOUxqDf
decimal,63c8ee5b4a323b78af8af358,sCwceahQQ
stormx,6053cdaa2c03620010b9c149,
metal,5cfeb3656e3915000eddcff7,B15hmEhRE
whitecoin,60303cca5b7bf000102317ef,rJkzTh6b_
nest-protocol,63c8c6f4aa1a876c83cb45de,JY0pvmStp
orchid,5e4702e50ee1ca000e6625fc,Bkfw7FVXU
adshares,5d069e04f91239000ea5f31c,rkUSCz41B
aelf,5af1706c94d054000d104f7e,BkcYxlkAM
stratis,63c14b832e8fab2b576d05f4,vdR4OYayX
nkn,5b23870a5e4952000e62ee90,SJTEwZWbX
insure-defi,607751f5a5f6d80010f22844,SJXrMR4Uu
origintrail,5b2384935e4952000e62ee8a,Hkha4ZW-Q
creditcoin,60423312cefa7d001049ac57,BJROXnkmO
fetch,5cff2594d2dd5c000e84dce1,HyDMIoh0N
world-mobile-token,63c8f3714a323b78af8af689,KPJGfVWL8
mdex,606ca8b6185c5000106d82c5,rysxK7qB_
utrust,5b2593fbb84b58000e5d930d,rkpNVfmW7
vai,63c8ca7caa1a876c83cb482e,YIC4c0MOJ
rif-token,5cd5058b083569000e68848e,r1DJUFMhN
venus,60329e5a9c4731001009e0f0,ryAt0fxfd
propy,5b29e4dd75cf69000ef18b9a,rJaMSPw-m
aergo,5d51054a929bd0000e5ce33e,HJ45rFCQH
ark,5af17ba394d054000d104f85,rkxRolyAz
wirex,5d045cc72f0c70000e2f2660,BkTb60-Jr
myneighboralice,6053cab42c03620010b9c128,H1ZlsrW4_
alchemy-pay,63c8c8c4aa1a876c83cb4708,pDu1fwgFn
verge,5aeb5efb080b3a000d789373,ByHfyJKpf
sologenic,6043704ed4f39a0010f5d4d5,rJ4cggbmO
glitzkoin,5e21f5f69aa6ab000e77a2a8,SkN78ukZL
hedgetrade,5ed40794f9f81a000edff156,B1XAwYZn8
sun,6042af79cefa7d001049aded,SyPsy4gmd
centrality,5af3e1ee560819000d6028b9,B1_mzD-Az
celo-dollar,6083089d0dbabc000f6472f8,B1XRuKewO
moviebloc,5e455d060300e8000eada402,rk_NTRzXU
mainframe,5b472a1078c26c000e74786b,Hk-3qiEXX
conun,5fb81f4710d38b0010ff2451,SkvOyoBcP
somesing,63c8c642aa1a876c83cb4559,fGZZMxppC
thundercore,5d0076931a9eb5000efc73fe,ByuXvxC0V
concordium,63c901d54a323b78af8aff28,UX5n3-Dms
melon,5b26620026115f000e323fd9,Sk7NzkEZX
polkastarter,60415206d9bcb60010740fe1,r15SM0AG_
dero,5d0075081a9eb5000efc73fb,rkgrre0R4
dusk-network,5e45c84803c305000ef75567,Syp9_rXmL
chainbing,63c8e3cb4a323b78af8af137,u0jy5ncNC
verasity,63c8bf647525e80f4c784cc4,083jREgwg
sport-and-leisure,5e47d0ee3eeff40018892c79,ByKN-Ir7U
mines-of-dalarnia,63c8e36a4a323b78af8af0f0,ZkokPUXej
ampleforth,5f201b23b8868b000eb44160,H1uqo9Tew
gxchain,5cd0371f324b00000e0baa44,rJqUvhaiE
neblio,5b1765606bcb44000e79a54c,B1hpSJrgQ
strike,63c8ceecaa1a876c83cb4ad4,Olf6kOVXE
phala-network,603186139c4731001009dc42,r1hL8WJMd
dkargo,604245aacefa7d001049aca9,Hy3ABpJX_
yield-guild-games,63c8dfc44a323b78af8aee96,02-tNsWWJ
cocos-bcx,5fb82c2810d38b0010ff2464,B1nY2jBcv
band-protocol,5f2027a2b8868b000eb4417d,HygB_oTeP
tomochain,5b24f48ab84b58000e5d92cd,HJ0yrdfZQ
smartofgiving,63c8bde57525e80f4c784bed,vJyhbK3DH
klever,606723e55a0eb8001092ce29,Hk0EEoEBd
qcash,60830e0b0dbabc000f647300,HkQSCKlwd
safepal,6071bf2af593cd00103ff048,rk_DJry8O
wanchain,6065cf8c4d1b370010c46506,B1gwexLQSd
bitshares,5ccb5e7e09b644000eadba1e,HJcAAAuoE
super-zero,5e4554800300e8000eada3ed,Sy76NCzm8
carry,5e46ccd00ee1ca000e6625c4,HykfTHN7L
lina,5d493716a91d2d000ef7b19a,SJJdw38mH
komodo,5af1723a94d054000d104f7f,rJ5ufxk0M
gods-unchained,63c8df8c4a323b78af8aee73,EyStCTxyl
aioz-network,606e176b4493cf0010ed7a2c,H14svciHd
platon,63c8db284a323b78af8aec22,8hJ7S1RTM
syntropy,6041550bd9bcb60010740fe9,ByWqSC0zd
bitmart,6054f95ce7521e001049fcd4,BkWiKOfEu
terra-virtua-kolect,607f27ecb8a4cc0010364de6,BkwV_s38e
hyperion,5ce79a9f7cfe9d000e778dd3,HyTAcGHp4
cult-dao,63c900ce4a323b78af8afe6d,RhGQ62WqS
akash-network,603043ef5b7bf0001023182b,rkOPEaTbu
star-atlas,63c8e1e14a323b78af8af006,u6nKUgdz8
moss-coin,5cff304c6edb820018c1ae61,S1qqxn204
proton,6083e0350b94e6000f6f61e1,BJ-teDZvu
refereum,5b29da8b75cf69000ef18b87,B1T3qIv-7
lto-network,5d00785c1a9eb5000efc7404,SkWpuxA0E
hunt,63c8c523aa1a876c83cb4486,hU5ZN442Q
kardiachain,63c8c581aa1a876c83cb44cd,5uZ-Vh-aH
bitcoin-diamond,604cace9c191230010c8b4a0,Syt7pX5XO
elastos,5af3df27560819000d6028b7,r1kUkP-RM
era-swap,63c8c22d7525e80f4c784e6d,XDgZm6YH8
pivx,5af3dd8b560819000d6028b6,BJXpaUWAM
dxchain,5d507c93929bd0000e5ce2f8,Hkq0nlRmr
presearch,5b25ee13b84b58000e5d932d,HyY40vmbX
ultiledger,5d435c75be73bb000e411a76,H1epnAl7H
steem-dollars,63c14b6f2e8fab2b576d05e4,zvY4K0YJ-
groestlcoin,5b2140981de29f000ea165e5,Sy6aepRlX
aeternity,5aeb6a52080b3a000d789375,r1UYcyYaf
orion-protocol,63c8c67baa1a876c83cb457d,x-oaLquwi
bluzelle,5b47264978c26c000e747866,ryInIjVXQ
coinpoker,63c17918d8ad54ed148db728,-FBmYjhmp
bitcicoin,63c8cc16aa1a876c83cb492d,d58v889R_
district0x,5b251770b84b58000e5d92f8,Syqow5M-m
airswap,5b24e695b84b58000e5d92b2,Bk0nUDfZX
tokenlon-network-token,63c8cb15aa1a876c83cb488f,9-sXi9SYi
time-new-bank,5b213ef51de29f000ea165e2,Sy-Vk6Cem
phantasma,5b29e3d375cf69000ef18b97,BkhbVww-X
efforce,63c8ca87aa1a876c83cb4837,UEuTWGy-n
selfkey,5b2969c075cf69000ef18b77,SJ31cyPZX
mil-k,6042a5eecefa7d001049adc4,B1tX87l7_
elitium,5e47d2c33eeff40018892c7c,H16yX8rXI
mantra-dao,603188409c4731001009dc50,rJVYOZ1f_
streamr-datacoin,5b214f8b1de29f000ea165f1,H192yA0eX
latoken,5ce7932b7cfe9d000e778dc5,r1nOXzSa4
beam,6054f31ae7521e001049fcab,SkFS7_GNO
cortex,5af42fab196991000da4e292,BJ6a13bAM
adex,5b24e808b84b58000e5d92b5,B1Sr_vM-X
kin,5b13a52d624c02000ee5128e,r1nprm-x7
litentry,6030f06b5b7bf00010231b0a,rktie_C-O
waltonchain,5af0776f12eed6000d535135,S1RqPl06M
ambrosus,5b20dad11de29f000ea165d3,S1l-i80g7
unibright,5e455a240300e8000eada3fd,By5j50fXL
mithril,5af1751794d054000d104f81,SybHBg1AG
gyen,63c8cdf2aa1a876c83cb4a34,JcrPKAoM5
akropolis,6030ee3a5b7bf00010231afe,r16yyd0b_
saito,63c8d9b44a323b78af8aeb05,A52MTtQr9
gifto,5b13b6bf624c02000ee512a3,BJQXPVbxQ
viberate,5b28b6272d071d000ea36ceb,BySYINI-7
haven-protocol,63c17b2adc04ef7aca2be004,8ZBpQdvaq
aion,5af16bd594d054000d104f7c,rkcx21JAz
solve-care,5cd4febf083569000e688481,Hk_rktG3V
degate,63c8ce40aa1a876c83cb4a72,twc6D-SsT
maro,606cb2f7185c5000106d8317,
nuls,5b139f22624c02000ee51285,B1acyQ-l7
prizm,5b25f71eb84b58000e5d9342,HJNUDdQWX
dock,5b251688b84b58000e5d92f5,r112U5Mb7
hydra,604cab41c191230010c8b492,BymYs79QO
map-protocol,63c8c3a7aa1a876c83cb4372,HEwD-A2W8
bytom,5aec2de694c77a000d700f8f,Sk7zAsYpf
pnetwork,5f202951b8868b000eb44182,Sk89Yopev
kleros,5e4684d403c305000ef755c0,B1SBS-VQ8
nestree,63c8c1897525e80f4c784ded,yg6wAWngy
apollo-currency,5ce7a1df7cfe9d000e778de2,SkctfXHpE
measurable-data-token,63c16f6558832a6339ccec4d,luAXB6f7v
waykichain,5af1777794d054000d104f82,rkY9DlkRG
digixdao,5af068b312eed6000d535130,B1bkFk0TG
fusion,5af4392d196991000da4e298,HkDwtnWCG
fox-token,63c8fd124a323b78af8afc65,4cB6DP9UX
cube,5b238d515e4952000e62ee9c,BkgKa--Wm
mimblewimblecoin,60303e815b7bf000102317ff,HkqhR2T-d
peercoin,5b22203063b4aa000ed72831,rJt8goJ-7
sonm,5b31cbb48f3658000eac0bff,rkvlnrkzQ
all-sports,5b163db11fb8e8000e1f15cb,HJqEA3ml7
dodo,60678e2d6e5a8900107fa644,BJ6ORWrB_
metronome,5b6011f3900ca8000eb2072b,HJ_Ef9aNX
valobit,63c8c8aaaa1a876c83cb46f6,VzypTElR3
btu-protocol,5cfeb7256e3915000eddd003,S1rdv42CV
apm-coin,5e4682fa03c305000ef755bc,r1RmQ-VX8
arcblock,5b17ce0f8b33af000ed2b370,rJgoAHSxm
vite,5cff383e6edb820018c1ae6d,HJSou3hAV
yield-app,63c8cafcaa1a876c83cb487d,5_Acgwc23
hathor,63c8c60faa1a876c83cb4536,RV87uINIf
bridge-oracle,604234d8cefa7d001049ac61,By5MBn1md
bosagora,5e4056f41b1171000eb8b06c,HywcPC6f8
dad,63c8c23e7525e80f4c784e76,fFyScq9fJ
redfox-labs,603192649c4731001009dc85,Bkf0MMJGu
cajutel,5cfa35805587d5000e82f20f,ryB2rhwCV
stratos,63c8db414a323b78af8aec34,85T_DW-zT
grid,5b29282c75cf69000ef18b65,ByoFOjUW7
byteball-bytes,5b14078b624c02000ee512d8,Byt-uF-eQ
milc-platform,63c8db684a323b78af8aec46,6XB7JUBFP
zkswap,604109d9d9bcb60010740ef1,Bk0Z9KCfd
polyswarm,63c17af6dc04ef7aca2bdfec,K5dopeDx8
1irstcoin,5d43593bbe73bb000e411a72,SysvF0gXH
somnium-space-cubes,63c8c4e7aa1a876c83cb4458,aalSH-R2F
sensorium,6054fadbe7521e001049fcde,SyEbi_zEd
oxen,63c17c3bd0aa7a599be50a5a,d6xvPoSzA
dacxi,63c8ddf24a323b78af8aedd5,hh9JLhjj8
quantum-resistant-ledger,5b24e989b84b58000e5d92b8,rkPhtvf-7
deeper-network,63c8ceadaa1a876c83cb4ab9,sq0PB3REf
perlin,5e455f930300e8000eada407,SJECk177U
diamond,5b2c2ceb0b15cb000ea2d163,ByOSTsK-7
crypterium,5b2141de1de29f000ea165e8,HkhbfTAx7
reddcoin,5af42ebc196991000da4e291,SyCACiZRG
energi,5cfeb0f56e3915000eddcff1,ry17bE204
nunet,63c8f23f4a323b78af8af5bd,QHuHsV07a
cryptex-finance,63c8ddeb4a323b78af8aedcc,GsSmTqASq
unilend,63c8c967aa1a876c83cb477a,LyB8P7xhI
callisto-network,5b4b0497d17267000e44ad3e,SJmQBYOXQ
switcheo,5b29e9e875cf69000ef18ba3,rJMMqDDZm
newscrypto,63c8c2567525e80f4c784e88,fd6umVpHx
qash-liquid,5af437f2196991000da4e297,ryMzdhb0f
adappter-token,63c8caf0aa1a876c83cb4874,wO7ZGibHb
newyork-exchange,603042025b7bf0001023181b,H1xGNMa6Zu
xenioscoin,63c8c416aa1a876c83cb43c3,NBNP0kpii
rupiah-token,608303950dbabc000f6472f0,Sk9yVKewO
chainx,603183bf9c4731001009dc31,rkx7x4WJG_
digitalbits,63c8c1ad7525e80f4c784e08,GJb3L6DCw
seele,5cc95640d35ff90018ac7f50,Byi980IsN
inflation-hedging-coin,63c8f4e34a323b78af8af771,EgRULNE5B
masq,63c8cc30aa1a876c83cb493e,iD9AywGFX
findora,63c8c12a7525e80f4c784da0,eb6aj6NAi
insights-network,63c178f5d8ad54ed148db718,vy7ygge1_
mobius,5b26650b26115f000e323fdf,rJMBSJVbQ
observer,63c8becd7525e80f4c784c69,YDAOacAeC
edgeware,6030f3365b7bf00010231b1f,SyMPQdCWu
titanswap,63c8c8ecaa1a876c83cb4722,nfx1BhXlZ
scallop,63c8ef7f4a323b78af8af424,-jzjFqrt4
asta,63c8c7aeaa1a876c83cb4663,c7DE1eE-C
aventus,63c1633c33928b03f01818a2,J4j3nwxup
swash,63c8ed4f4a323b78af8af2a2,gLikWOWlA
retreeb,63c8eddb4a323b78af8af301,zOsBbc7J1
dragonchain,5af43cd7196991000da4e29b,B1Cea2W0G
poseidon-network,5e46fbe00ee1ca000e6625f1,ryirnOV7L
aax-token,6054fe61e7521e001049fced,HycKAdGE_
smart-valor,5cc95aafd35ff90018ac7f5b,B1PeoRIo4
hiblocks,63c8c7efaa1a876c83cb467e,ri5vgPeOr
position-exchange,63c8e22e4a323b78af8af032,B16Xf6x8d
swftcoin,5b24f068b84b58000e5d92c7,BkiFxuGWm
ovr,63c8cb7baa1a876c83cb48c2,9c0BSdAZE
cashaa,5b25f134b84b58000e5d9333,S19LZumb7
modum,5b25f255b84b58000e5d9336,r1X5GOQWX
wabi,5b26062eb84b58000e5d9359,Hkdd8YQWQ
blockv,63c16af18564c7e2c7197e1c,ZuZAcbEsf
electric-vehicle-zone,63c8c7e0aa1a876c83cb4675,rJwPb2gNI
scprime,63c8c0d77525e80f4c784d6a,tTNFBuxok
foam,63c8bea37525e80f4c784c4f,M6loonmoj
sharetoken,63c8c11e7525e80f4c784d97,dcsBFBsBE
peakdefi,63c8c503aa1a876c83cb446c,8uShxQdPm
mysterium,63c14c382e8fab2b576d063c,c9jXn_nqP
hegic,5fb8390110d38b0010ff247b,Sk9VthSqw
zano,63c8c1bd7525e80f4c784e1a,YZ9uLRqMd
kylin,6095ab482923c5000fb55b9e,S1IWa7mOd
poa,607da625ec626a0010a6f292,B1R9UXoId
proximax,5cd503f4083569000e68848a,Bkm4NFf3E
ignis,63c16ce8e9c1195793c042f3,xhCcW5RPY
n-exchange,5bc449860f883f000e71ae81,S1lJqTWom
molecular-future,63c170719e487e29149883ec,G7tz57LOr
biopassport-token,63c8cae3aa1a876c83cb486b,F-GDjCO-d
edgeless,5b24476e5e4952000e62eeaf,BJejv6Wbm
gamercoin,63c8c819aa1a876c83cb4698,__zwFEwR2
tokenomy,5b2398015e4952000e62eeac,rJxE_GZ-m
ariva,63c8e3ff4a323b78af8af163,dKvQ5TqMd
baasid,5cc976acd35ff90018ac7f6a,H1xfPgDiN
revv,604cb1f2c191230010c8b4bb,BywmGEcmu
multivac,5e4060891b1171000eb8b07c,BktRlk0z8
ring-x-platform,63c8c2627525e80f4c784e91,cK5f2CurL
polaris-share,63c8ca1eaa1a876c83cb47f9,v0aVwtylt
dfyn-network,63c8da554a323b78af8aeb81,mrni4T7k7
bnktothefuture,5b13afeb624c02000ee5129e,HkMAeN-g7
newton,5cd50207083569000e688485,HJ3PftMnN
ilcoin,5ce795747cfe9d000e778dc9,Sk4jBzrTE
the-transfer-token,6074bd0d4ff7640010e5054d,HyeOFa4fUu
cirus-foundation,63c8e41f4a323b78af8af17e,-HQ7zn0fF
stem-cell-coin,5cff239fd2dd5c000e84dcdd,SybAQi30V
bhp-network,5cfa2f385587d5000e82f208,rJ6a1hwRE
nexus,5cfeb4e86e3915000eddcffb,HJAg8VnCE
covesting,5b2a1dd975cf69000ef18be1,S1R40qPWX
v-systems,5d481ff769d56a000e7812a7,BkoPeor7S
1world,63c17ae6dc04ef7aca2bdfe4,r2Nej0tbo
bytecoin,60841ab40b94e6000f6f61ed,rJzbi9ZP_
qlcchain,5b277af62d071d000ea36cb9,Hk91nxSbm
viacoin,5b24f1ceb84b58000e5d92ca,r1FVfdM-7
gridcoin,5b2a05b975cf69000ef18bcc,BktgItD-Q
torum,63c8dece4a323b78af8aedf9,a6epuFxoL
populous,5aec318294c77a000d700f90,H1Pjb3F6G
aidos-kuneen,5e1cc2b33833df000e67a2a1,H1VzmBceL
salt,5b13f799624c02000ee512bf,rJ_Jud-eQ
insurace,63c8ce17aa1a876c83cb4a57,qz8W94Lgm
qatar-2022-token,63c904c54a323b78af8b00f7,JZlMSUeOs
sora,6030f1725b7bf00010231b12,rJVnZd0W_
factom,5ccb07de09b644000eadb9f8,HkbLdKdiE
monetha,5b2a0b2475cf69000ef18bd5,Bk_HsYwWm
atari-token,63c8c95aaa1a876c83cb4771,UyOi9VNbk
bitcoin-private,5b163bd91fb8e8000e1f15c7,SJ4U2n7lQ
bullperks,63c8ddc44a323b78af8aedb2,J0CkaynBW
cryptofranc,5e46768103c305000ef755a8,Hkq68xNmU
nxt,5af462a5196991000da4e29f,H1zJ7yMAz
enecuum,608426de0b94e6000f6f61fc,ryxx_jZDu
minter-network,63c8c3b2aa1a876c83cb437b,TZ-ZQ5fjU
glitch,63c8cbb8aa1a876c83cb48ee,kiML1pRQF
linker-coin,63c17b34dc04ef7aca2be00c,bSsVDUQ7m
suncontract,5b2a1af575cf69000ef18bdb,r1UViqD-X
tenx,5b17680c6bcb44000e79a554,BJGtO1Bl7
maps,63c8cba0aa1a876c83cb48d3,KsdN13XJv
babb,5b24ec43b84b58000e5d92be,BJdP2DzbX
lympo,5b17a8368b33af000ed2b368,S1RpOXrl7
tokencard,5b24eaf7b84b58000e5d92bb,HygQiwG-Q
aurora,5ccb62e709b644000eadba29,BkgCQQJKsE
fortknoxster,63c8bdd07525e80f4c784bdb,1BH4SI-dW
metaverse-etp,5b250a79b84b58000e5d92e9,SykA5FGWX
achain,5b13fc71624c02000ee512c6,rJ8RhuWgX
deepbrain-chain,5b13f9a4624c02000ee512c2,BkrO5u-eQ
colossusxt,5b29006075cf69000ef18b3d,Skb9eKI-X
oxbull-tech,6061a55329f30500103cc80b,H1VqSXkSu
litecoin-cash,5b601622900ca8000eb20732,SyWsI5TNm
gpex,63c8feb54a323b78af8afd73,xJCARZy6c
xtrabytes,5b292fbd75cf69000ef18b6e,Hyq-l2U-X
perth-mint-gold-token,63c8c485aa1a876c83cb4408,YxRtgypr7
vestchain,5ccb64ae09b644000eadba2c,SJUxHJYs4
einsteinium,5ce79c517cfe9d000e778dd7,ByEj3fr6N
evidenz,63c8be957525e80f4c784c46,aRFOieBrR
nebulas,5af1787494d054000d104f83,Hk89dg10G
smartmesh,5b17d8688b33af000ed2b384,H1TR_USlX
top-network,5cfa4fc55587d5000e82f219,H1WzlCDA4
mobilian-coin,63c8c8d3aa1a876c83cb4711,wci_dEhN4
duckdaodime,63c8c82aaa1a876c83cb46a1,lZuG4cdCi
sparkpoint,63c8c02e7525e80f4c784d14,bdFBAse0P
dsla-protocol,63c8c54daa1a876c83cb44a9,Q-P55V79p
sibcoin,63c14b172e8fab2b576d058d,I0YQ040Kg
skycoin,5af43a91196991000da4e299,Sych53-CM
safemoon-inu,63c8dc6f4a323b78af8aecd2,VS1fKlXI9
lamden,5b2a097b75cf69000ef18bd2,ryWJ5tDbm
swingby,63c8c737aa1a876c83cb460a,HvHTsShg_
convergence,63c8cd5baa1a876c83cb49e5,rhuWLxaZ0
graphlinq-protocol,63c8d9684a323b78af8aead2,eGuI23vZF
sifchain,63c8ccdaaa1a876c83cb4996,UAG44sbX6
egretia,5b600f5f900ca8000eb20724,SyZTkqpNQ
cryptaur,5b24f9d3b84b58000e5d92d7,S1gGcOfWX
paid-network,606e1a814493cf0010ed7a3c,S1Mss9oBd
genaro-network,5b600b17900ca8000eb20718,B19rjYaV7
gny,60436ef1d4f39a0010f5d4cf,Hy_XyxbQd
blocknet,5b13c155624c02000ee512af,HyCUbOWg7
cybermiles,5b13ad34624c02000ee5129a,HkNh6XWx7
exmo,6054fc96e7521e001049fce4,S1yah_MNu
safe-haven,63c8bf997525e80f4c784cd6,u2FJxgkIZ
smart-mfg,63c17b07dc04ef7aca2bdff4,wEVq2_FKO
kubecoin,63c8eeda4a323b78af8af3af,-ydytRBsP
repo-coin,5ce6ad3edcfde8000e991689,rkDY6XEaN
spacechain,5b29f19075cf69000ef18baf,rJwnZdDWm
primecoin,5b20e0ab1de29f000ea165d9,rkTAgvRg7
kava-swap,63c8e40d4a323b78af8af16c,sU9a519hI
iqeon,63c8bdef7525e80f4c784bf6,7u4wJeLdz
wagerr,5b244c6a5e4952000e62eeb5,rJY02T-bm
internet-node-token,5b25ef93b84b58000e5d9330,BkVpk_X-X
cybervein,5b2156321de29f000ea165f4,r1Ru8CCgm
attila,6042aa45cefa7d001049addb,S1Jd9QeXu
wicrypt,63c8e4874a323b78af8af1c5,ylk3NFD_T
kampay,63c8e30a4a323b78af8af0a8,xFKNUO9Hu
ruff,5b1cc053e0beb5000e207e2f,
stakeborg-dao,63c8f4a34a323b78af8af746,C2iSwbtgI
webdollar,63c8bfc47525e80f4c784ce8,PyThdn_4Z
docademic,5b47386b78c26c000e747874,H1Ni_nN7X
dentacoin,63c162e8e111080f0431def4,eQXF4omSV
ryoshi-token,63c8e0674a323b78af8aeef6,hXT34CfDi
gleec,63c8c477aa1a876c83cb43ff,0UmppmXp-
hydro-protocol,5b24ed8eb84b58000e5d92c1,BJ_A6PMbQ
libra-credit,5b600c3b900ca8000eb2071b,BkjqhYTE7
gulden,5b24eef4b84b58000e5d92c4,B1TQ1dGWm
ardcoin,6085c71c63ece0000f2b14ea,rJrIPrmPO
cloakcoin,5b24e0acb84b58000e5d92a9,S1pXWwfW7
ibstoken,63c8c511aa1a876c83cb4475,9sWwSuoY2
matrix-ai-network,5af43e31196991000da4e29c,ryeU03bCM
project-pai,5ccb682009b644000eadba36,HJlDu1toE
herocoin,63c16f4c58832a6339ccec40,KrayYmv0P
anchor,5e47cf563eeff40018892c75,rkh9kUHQI
dimecoin,5b2916c975cf69000ef18b62,HyKgP5Lbm
deeponion,5b29fe2d75cf69000ef18bc2,SJot0_P-X
daex,5b2395025e4952000e62eea9,H1AIrG-Wm
vidy,5e47c90b3eeff40018892c67,ByvLKBBQL
airight,63c8e4144a323b78af8af175,UMzR1ltlg
don-key,63c8dad74a323b78af8aebed,p_8iok0JU
florin,63c8c92aaa1a876c83cb474d,U3GLLdrHd
brother-music-platform,63c8ca0daa1a876c83cb47f0,CVjeiIj1c
epik-protocol,63c8da624a323b78af8aeb8a,Ov-XXAWDq
isiklar-coin,63c8c597aa1a876c83cb44de,rasOnpXtq
crypto20,5ce6b45edcfde8000e99169b,H16eSEET4
credits,5b20e40e1de29f000ea165dc,S1aVED0lQ
cpchain,5b25f8e0b84b58000e5d9345,B1HHF_XbX
signata,63c8d9ea4a323b78af8aeb29,DnTbA8GOp
high-performance-blockchain,5b14093d624c02000ee512dc,HyioFYWl7
cindicator,5b176bf96bcb44000e79a55c,SkrDh1rxX
ally,63c8c3e1aa1a876c83cb439f,PVACrsg8i
platincoin,5e4705070ee1ca000e662601,r1DVHKE7U
truechain,5b140030624c02000ee512cf,BJfkWt-em
breezecoin,5e21f73e9aa6ab000e77a2ac,S1OPvuk-8
pillar,5e46901d03c305000ef755ce,Hk3rlG478
shirtum,63c8e5be4a323b78af8af268,Olx8YfNsG
peri-finance,63c8da824a323b78af8aeba5,AhFUEw-lr
chronicle,63c8ce11aa1a876c83cb4a4e,yyX5AHvik
rangers-protocol,63c8ed8c4a323b78af8af2cd,P_k586KBY
carvertical,5b31dcf68f3658000eac0c1b,HyJHTLyf7
realfevr,63c8e04d4a323b78af8aeee5,Ucecdxf5z
unistake,605501a2e7521e001049fcfa,SybJzFMNu
cutcoin,63c8c1d77525e80f4c784e2c,xSZ2tWMAj
42-coin,63c149709eb5b6ce1485f023,eDF_KIDHY
bitcoin-plus,63c1499a9eb5b6ce1485f041,SPsyZ1unH
youchain,5e21d30d9aa6ab000e77a27f,rJkHQLkWL
fortuna,5b29ede675cf69000ef18ba6,HJI4AwDWm
bean-cash-bitbean,5b29d97275cf69000ef18b84,rkc6tUDWQ
drife,63c8e0b24a323b78af8aef34,OI7RtzlD8
gamespad,63c8f7544a323b78af8af904,7IlHJKHkY
integritee-network,63c8f2934a323b78af8af5f4,rO993gMgG
bread,5b23834a5e4952000e62ee87,Bk7tX--ZQ
stakenet,5b20de0b1de29f000ea165d6,S1j7CI0lm
linkeye,5b251931b84b58000e5d92fb,Sk_vt5GWm
loser-coin,63c8dae24a323b78af8aebf6,J5P2KHyjY
blackhat,63c8df3c4a323b78af8aee40,iGD_YwxFT
baanx,63c8e0dd4a323b78af8aef4e,CSMR2J4ja
htmlcoin,5b2042786c7116000e12a3df,SJOJ7T6em
blackcoin,5b31ce0b8f3658000eac0c02,ryy80BJz7
bonuscloud,63c8c1c97525e80f4c784e23,4m4OxPuwL
digix-gold,608305c30dbabc000f6472f4,SJHX8tewd
rigoblock,63c8c39baa1a876c83cb4369,DYsVLFmGc
hempcoin,5b29f59b75cf69000ef18bb6,H1AaBuD-m
smartcash,5cff36836edb820018c1ae6a,H1b0I3hA4
bismuth,63c163ef33928b03f01818f9,5gW_Hugvl
levolution,5e467c5403c305000ef755af,Hkid3e4XI
daostack,63c17c2cd0aa7a599be50a52,T1Dp8wsT2
thekey,5b214bd21de29f000ea165ee,Hyh-2a0gQ
vibe,5b25ffe3b84b58000e5d9353,rySbeKX-7
bitcoinhd,5e45c63d03c305000ef75561,ByowIrQmU
9d-nft,63c8f1e44a323b78af8af589,mzfcrMXcZ
pawthereum,63c8f1684a323b78af8af544,gtD-OGTxp
woodcoin,63c14af42e8fab2b576d0557,eWFqoDeg1
s4fe,5cfe13316e3915000eddcfb5,S1pLmcsCN
yoyow,5b25fa63b84b58000e5d934a,Hyzj9O7WQ
playfuel,5e405ac51b1171000eb8b072,H1DMsR6M8
odyssey,5cff2753d2dd5c000e84dce4,Hk7ADshCV
putincoin,63c14b642e8fab2b576d05dc,UlbN9jzdf
humaniq,63c14bd42e8fab2b576d062c,LrNQwZn8N
medicalchain,5b28ae362d071d000ea36cdc,rkYD0XUZX
umbrella-network,604cb482c191230010c8b4ca,HysAN49Xu
dav-coin,6061f07729f30500103cc9a2,S1CTgOkSO
hyve,63c8c9b9aa1a876c83cb47b0,o7x9Gkz1t
digitalnote,63c14ac52e8fab2b576d053f,oLnN1b7GX
bollycoin,63c8f9cb4a323b78af8afa4a,hrFKCb4Ic
hollygold,63c8cbc4aa1a876c83cb48f7,BH-54MbzT
tenup,63c8c1637525e80f4c784dd3,FCTdGdvui
paypie,5b20b8bb75d556000e0f98db,rkw5iECl7
litex,5d069fcff91239000ea5f320,HJIGx7Vkr
flypme,63c1646633928b03f018191f,C3ubMw1Nl
liquidapps,5e45c9bd03c305000ef7556a,r13eqHQ78
experience-chain,63c8bf027525e80f4c784c90,8C90c8N7m
atlant,6062105129f30500103cca3d,SJW7bcyB_
wall-street-games,63c8dcab4a323b78af8aecfd,DBoB3Bn8a
satt,63c8c901aa1a876c83cb4733,rla9r9oPe
paribus,63c8e34e4a323b78af8af0de,5m9lkuyde
dmarket,5b31d0cf8f3658000eac0c08,SJcbZL1zQ
tap,5e405cb01b1171000eb8b077,SJay6CpfU
polkawar,63c8e0144a323b78af8aeec3,tHXb9Idkx
daps,5b28b3512d071d000ea36ce5,HyftQNUZX
w-green-pay,63c8bfe77525e80f4c784cf9,APQIWveg6
data,5b2389395e4952000e62ee95,rJdf9bZbm
huobi-pool-token,63c8bedb7525e80f4c784c76,bvw_ghSEs
oneroot-network,5b27714626115f000e323fe2,Skiv-eBWX
swarm,5b2379c65e4952000e62ee7e,BJz7ceWW7
medishares,5b17da858b33af000ed2b388,S1n7j8reQ
hedget,63c8c8baaa1a876c83cb46ff,SdqpBeq5s
lightstreams,63c8c3bdaa1a876c83cb4384,gn_Xm-Rno
zenfuse,63c8c973aa1a876c83cb4783,GU0JtTNN3
zclassic,63c14ba42e8fab2b576d060c,lLfq7YfBj
pascal-coin,5b2a030f75cf69000ef18bc8,BJWK7YD-Q
contentbox,5d435ea7be73bb000e411a7c,rJ40RClXS
primas,5b2774b726115f000e323fe8,SJdkrerbQ
substratum,5af432fa196991000da4e294,SyPGX2Z0M
davinci-coin,5cfa235c5587d5000e82f200,rkV37ivR4
evrynet,63c8e3bf4a323b78af8af12e,kUbTm2GsE
dappstore,63c8ddff4a323b78af8aedde,hRxu-28Js
caspian,5d075dd4046462000ecbfebe,rkW_RCEyr
dose,63c8ede44a323b78af8af30a,k65BUitVM
apix,63c8c49baa1a876c83cb441a,3wecznSnB
geodb,63c8c636aa1a876c83cb4550,c-afcU1Jh
wings,5b25152ab84b58000e5d92f2,SJ8wH9fWX
wepower,5b259745b84b58000e5d9315,rkaqvfX-Q
ost,5b24e329b84b58000e5d92ac,HJI5mPfWX
dinox,63c8e12b4a323b78af8aef8e,-3fJ_XOwo
atlas-protocol,5e46f5060ee1ca000e6625e4,ryLrB_47U
delphy,5b17a3c48b33af000ed2b362,Hy0cVQSl7
cryptex,63c8cd90aa1a876c83cb4a09,W_5ZJ2sWk
aryacoin,6064d7824d1b370010c460d0,HJupwUMBO
hydrogen,5b2f1bb83b8e93000e2bc181,BJfb352Wm
autonio,63c166d0a84171cbfcd074cd,DhtvkMY6A
atromg8,63c8c5ddaa1a876c83cb4513,nRJJ58HLE
apy-finance,604ca92fc191230010c8b483,B1UhYQcQ_
tycoon,63c8daf44a323b78af8aec08,fWqepi_OL
etherparty,5b2781762d071d000ea36cc7,H1E6Z-rZm
appcoins,5b2591aab84b58000e5d9308,B150-zQWX
bottos,5b17d0bb8b33af000ed2b378,BJWSWLBg7
realtract,5d436315be73bb000e411a80,ByQrQkbXH
pacoca,63c8df194a323b78af8aee25,XvAcdvGtV
u-network,5b29025875cf69000ef18b43,Hy7tzFU-m
wolf-safe-poor-people,63c8e0934a323b78af8aef19,RQ9K7ewod
acute-angle-cloud,5cc943b1d35ff90018ac7f38,SyMgNTUsN
blockmason-credit-protocol,5b29d7e875cf69000ef18b81,ry4f_8P-X
bitcoin-rhodium,5d5027c8929bd0000e5ce2d9,SJ-eOo67H
bitcoin-green,5b27868a2d071d000ea36cd3,SJi0L-Sbm
nanjcoin,5b250efab84b58000e5d92ec,rkKXJcM-m
everex,5b29df5375cf69000ef18b91,BJ7KkDPWQ
playchip,5d8a379a03d49f001864b6ec,By10vnPwS
equal,63c171a45389462416458233,z3kUKzVVK
remme,5b2a2f42819928000e8a6629,Bkxh12DZm
falcon-project,63c8c700aa1a876c83cb45e7,LUCmHceFf
ink,5b238b945e4952000e62ee99,SyZ6jZb-7
cotrader,6061a9aa29f30500103cc81d,rkCJqXyBu
prcy-coin,607c976d3284f7001013be95,Bk-2vzc8u
gowithmi,5e4564a00300e8000eada410,B1L0NymQU
phore,5b27763e26115f000e323feb,SkKwLeBW7
fantomstarter,63c8f2584a323b78af8af5cf,OS-E3HUFc
cyclub,63c8c86faa1a876c83cb46d4,RrS9umVcf
iht-real-estate-protocol,5b17cf908b33af000ed2b374,S1r1eLBgm
microbitcoin,5e47ccd63eeff40018892c71,r1TzprSXU
etherzero,5cf4dbada089fb000efd4003,r1R7hUzCN
yee,5b27727626115f000e323fe5,BJ86zgHWX
zeepin,5b25e581b84b58000e5d931b,BkZaHwmWm
ultrain,5cdcea7f7c12ab000e207b48,B1b25wq3E
qbao,5b26638526115f000e323fdc,HJAkVJNWQ
buzzcoin,63c1636c33928b03f01818c1,uroGTggxd
odin-protocol,63c8da6c4a323b78af8aeb93,UW_kgMGfC
wetrust,5d492ba4a91d2d000ef7b18e,S1GGns8Xr
my-master-war,63c8e5804a323b78af8af23d,GjhmZWbrB
stox,5b2a1c1a75cf69000ef18bde,Hy3B39DWX
indorse,5cc94f44d35ff90018ac7f45,Syai1CLjV
gems,5b29fadc75cf69000ef18bbc,H1YEo_PZQ
freicoin,63c1443ddf93092ab486bb78,4HjBxLjTg
motocoin,63c14ab42e8fab2b576d052f,ykqEztaU_
4thpillar-technologies,63c8c542aa1a876c83cb44a0,KiZq4aj0o
shipchain,5b6023f4900ca8000eb20745,HylHEoaNQ
enigma,5af554a73eee0c000d24d6c1,BJpRVCGRM
fuzex,5b251abcb84b58000e5d92fe,S1myocf-7
golden-goose,63c8cbdbaa1a876c83cb4909,S_Z8-wYkS
origo,5e468db003c305000ef755c9,HkpZCWE7I
energo,5b29e28b75cf69000ef18b94,BJRAMPvWm
investfeed,63c1632a33928b03f0181883,Iakv7Ya-9
zeusshield,5b29038a75cf69000ef18b46,Sylh7F8bm
maecenas,5b277ecc2d071d000ea36cc1,ryd-kWr-X
graft,63c17927d8ad54ed148db730,S_ZbNwJNF
lunchmoney,604caec4c191230010c8b4ad,SyQGJN5QO
x42-protocol,63c8c0e07525e80f4c784d73,55LglY-jz
webflix-token,63c8c0607525e80f4c784d2f,csqaUrSEA
the-force-protocol,5e4567230300e8000eada419,ryeIwk7mL
aok,63c8f5f74a323b78af8af819,6CIJgdCon
etna-network,63c8cf1aaa1a876c83cb4afa,lxE2K8ZMB
trinity-network-credit,5b29071a75cf69000ef18b4d,r16SDFIbX
jade-currency,63c8c3fbaa1a876c83cb43b1,-pdJ1lmDl
shopping,606e20204493cf0010ed7a65,Syx_lijH_
tera,63c8c0487525e80f4c784d1d,wklo_lpfN
luxcoin,5b2c344e0b15cb000ea2d16f,ryp_4hFZm
coldstack,63c8da8e4a323b78af8aebae,SVzvBz_7w
smartshare,5b2e6bd33b8e93000e2bc17e,H1U-n1nW7
shadow-token,63c1631e33928b03f018187b,a-eyEnKrB
asch,5b1772b66bcb44000e79a560,BkfE7xBeX
bata,63c14b022e8fab2b576d056f,7Ki-1NZbC
stream-protocol,63c8c93eaa1a876c83cb475f,RIe45_zCo
shield-1,5b29f47d75cf69000ef18bb3,BJS1BdDbm
bunicorn,63c8dc1e4a323b78af8aec9d,wh4rRLwvn
uplexa,63c8bf257525e80f4c784c99,PCh2XIV_m
catex-token,63c8c0a67525e80f4c784d50,MKESP2q2g
inmax,5d07620d046462000ecbfec8,B1POzyS1H
trezarcoin,63c163e233928b03f01818e9,2JZoHhRsr
piplcoin,63c1640333928b03f0181901,EdfMX38g7
faceter,63c8bdb07525e80f4c784bc0,NfN8_VcBF
alphacat,5b29685a75cf69000ef18b74,H1Uc_yDWX
mmocoin,63c8be507525e80f4c784c22,CE7u5w88O
ancient-kingdom,63c8fc0a4a323b78af8afbc7,fnSjoaBT4
lunyr,5b25fec0b84b58000e5d9350,ByHxyKmbQ
peos,5e47cb8f3eeff40018892c6d,S1cpoHBmU
vektor,63c9058f4a323b78af8b017c,Vzp4xfrSc
sportcash-one,63c8dbba4a323b78af8aec71,2AID-F6RV
meschain,63c8c2497525e80f4c784e7f,jgXHaHFW4
bemil-coin,63c8f0c54a323b78af8af4f7,QbHQ0iDzU
aditus,63c17b18dc04ef7aca2bdffc,kU6LZx61i
nfx-coin,63c8c604aa1a876c83cb452d,R6gmjV_I1
uptoken,63c17adadc04ef7aca2bdfdc,ZuG5_b_ah
ritocoin,63c8c1497525e80f4c784dba,ay3V1Y-kq
rate3,5b602aff900ca8000eb2074b,Sky3oj64Q
ormeus-ecosystem,63c8c1787525e80f4c784de4,MGI9ESXe2
cosmochain,5cfe106b6e3915000eddcfaf,H1Dqx5oCV
decentbet,5b2600b5b84b58000e5d9356,HkJWWKmZX
netrum,63c8c0507525e80f4c784d26,hPCvd1WK_
blockburn,63c8c0c67525e80f4c784d61,Dk1olbD3y
coinalpha,63c8ee2b4a323b78af8af336,7fRtAkzNA
opal,63c14ae72e8fab2b576d0547,HeM0pvYag
castweet,60550926e7521e001049fd1a,SkPr5tzV_
shield-protocol,63c8cc68aa1a876c83cb4960,kvjFJkhB4
mybit-token,5b13a293624c02000ee5128a,H17ZmX-eX
all-best-ico,63c8c3efaa1a876c83cb43a8,nlJxDsjAf
digitex-futures,5ce7a46b7cfe9d000e778de9,S1l5nVmr6E
mediccoin,5b2a00a275cf69000ef18bc5,HkFaltwbQ
reward-hunters-token,63c8e3f14a323b78af8af151,XguhMuUvX
arbitragect,63c16f9258832a6339ccec5c,tnIZVHyS8
imagecoin,63c8c0e97525e80f4c784d7c,XftEWleLi
envion,5b2911b275cf69000ef18b5c,BJdxG5U-Q
arepacoin,63c8bdc67525e80f4c784bd2,4YToB3SOB
tokenbox,63c170839e487e29149883f4,Y13oRxpX_
8x8-protocol,63c8c654aa1a876c83cb4562,8o7SVGIpZ
blocktix,5b31d6818f3658000eac0c12,B1YaLL1G7
scholarship-coin,63c8ce45aa1a876c83cb4a7b,lEZ0x17gj
dragonvein,63c8c71aaa1a876c83cb45f8,0g4lYWaLW
safeinsure,63c8be157525e80f4c784bff,Xo2p49c7z
bsclaunch,63c8dc9a4a323b78af8aecf4,Ck4vPY5No
quantis-network,63c8be2f7525e80f4c784c10,Jd6LgaqQN
scriv-network,63c8be407525e80f4c784c19,7XiRT6Xgt
kalata,63c8da364a323b78af8aeb5f,CuS_Xrfy8
kemacoin,63c8c490aa1a876c83cb4411,bwYRwNShg
draftcoin,63c14b282e8fab2b576d059d,jSxP2NIDF
paypex,5b176a676bcb44000e79a558,rkSnc1rlQ
sweetbridge,5b138641e29e14000e53e0c3,Sya4cZblX
dynamite,63c8c1127525e80f4c784d8e,8piMmxuGE
safecapital,63c8c3c9aa1a876c83cb438d,bWlAfxOod
sf-capital,63c8bfb37525e80f4c784cdf,MR_UAl0lf
the-currency-analytics,63c8bee47525e80f4c784c7f,gOrFGWpgO
entercoin,5cd2fd82b835f8000e5cb195,B1l36dxnV
crdt,63c8c5a3aa1a876c83cb44e7,0a72pS9r5
ponzicoin,63c14b482e8fab2b576d05c5,sRhiHRUKi
dymmax,63c8cb3baa1a876c83cb48a1,cThanik7E
aquari,63c8dc3e4a323b78af8aecae,ZB005jHSz
funder-one-capital,63c8cd27aa1a876c83cb49d3,I10otAR3B
privateum-initiative,63c8da9a4a323b78af8aebb7,Ek4WLIxCP
compound-usdt,63c8c6dbaa1a876c83cb45c4,K1IoSSD83
sorachancoin,63c8c6baaa1a876c83cb45a0,8Go89pphD
aquari,63c8dc3e4a323b78af8aecae,ZB005jHSz
hellenic-coin,60841d8b0b94e6000f6f61f1,Skvrbo-Pd
ixledger,5b29016e75cf69000ef18b40,rkNc-tL-7
oasisbloc,63c8ca65aa1a876c83cb481c,ehDMwfcvA
privateum-initiative,63c8da9a4a323b78af8aebb7,Ek4WLIxCP
funder-one-capital,63c8cd27aa1a876c83cb49d3,I10otAR3B
ethereum-meta,63c8be8b7525e80f4c784c3d,OX7vhqZjY
maximine-coin,5ccb068009b644000eadb9f4,rymn8F_i4
rakun,63c8c4daaa1a876c83cb444f,SJKJrOtWk
jinbi-token,63c8bf4b7525e80f4c784cb2,5dKnySyMS
asia-coin,60c86b2d9721ef000f549824,SJSKikLiO
vidyx,63c8cba8aa1a876c83cb48dc,6L7ICvGs1
privateum-initiative,63c8da9a4a323b78af8aebb7,Ek4WLIxCP
oyster,5b2787762d071d000ea36cd6,S1VswWHWQ
kickico,5e1b67570aa9e9000ea0fda1,HkgYwJYgU
aquari,63c8dc3e4a323b78af8aecae,ZB005jHSz
idea-chain-coin,604374e5d4f39a0010f5d4f5,BkpVrxbQO
dymmax,63c8cb3baa1a876c83cb48a1,cThanik7E
silverway,5e1b5eba0aa9e9000ea0fd94,B1ixJJYeU
yfione,63c8cc40aa1a876c83cb4947,Xc9CwanMV
shih-tzu,63c8db134a323b78af8aec19,ja8sPJ6-N
impulseven,63c8cebcaa1a876c83cb4ac2,H3UPL5B9I
metis,63c8ca54aa1a876c83cb4813,lnblVP7mv
venus-cardano,63c8da3e4a323b78af8aeb68,6WxnWIRUc
experience-points,5b260813b84b58000e5d935c,H1Or_FQ-X
dymmax,63c8cb3baa1a876c83cb48a1,cThanik7E
aquari,63c8dc3e4a323b78af8aecae,ZB005jHSz
compound-usdt,63c8c6dbaa1a876c83cb45c4,K1IoSSD83
funder-one-capital,63c8cd27aa1a876c83cb49d3,I10otAR3B
trice,63909b989f1d106c91e74399,y5w_qE9t1
olympus-labs,5b2a071875cf69000ef18bcf,By7HDKw-X
fme,63c8c741aa1a876c83cb461c,OpJpxTHsJ
oasisbloc,63c8ca65aa1a876c83cb481c,ehDMwfcvA
vidyx,63c8cba8aa1a876c83cb48dc,6L7ICvGs1
dapp-token,63c8c1067525e80f4c784d85,lGb5JRJoi
bankroll-network,63c8c391aa1a876c83cb4360,1hznveRf3
aquari,63c8dc3e4a323b78af8aecae,ZB005jHSz
solbit,63c8c2707525e80f4c784e9a,OFfK31DmK
dymmax,63c8cb3baa1a876c83cb48a1,cThanik7E
counos-x,63c8c5b0aa1a876c83cb44f0,RgnvAEtTQ
counos-x,63c8c5b0aa1a876c83cb44f0,RgnvAEtTQ
metis,63c8ca54aa1a876c83cb4813,lnblVP7mv
venus-cardano,63c8da3e4a323b78af8aeb68,6WxnWIRUc
vidyx,63c8cba8aa1a876c83cb48dc,6L7ICvGs1
yfione,63c8cc40aa1a876c83cb4947,Xc9CwanMV
moonlight-token,63c8dbc74a323b78af8aec7a,VUVBOzykk
free-coin,5d069c5af91239000ea5f317,HJyonGN1B
dymmax,63c8cb3baa1a876c83cb48a1,cThanik7E
locktrip,5b4b02d6d17267000e44ad39,rkeM7Fu77
funder-one-capital,63c8cd27aa1a876c83cb49d3,I10otAR3B
privateum-initiative,63c8da9a4a323b78af8aebb7,Ek4WLIxCP
inlock,63c8c1e07525e80f4c784e35,2QbOUjx_U
earneo,63c8bebf7525e80f4c784c60,t0gkjEzK-
gold-secured-currency,63c8dce04a323b78af8aed0e,aBk9Wi_iv
moonlight-token,63c8dbc74a323b78af8aec7a,VUVBOzykk
itam-games,63c8c7feaa1a876c83cb4687,1jmycdZlp
compound-usd-coin,63c8c4b3aa1a876c83cb442c,LsGkFphUR
south-african-tether,63c8c73faa1a876c83cb4613,QD-pBPTNv
bilira,63c8c45faa1a876c83cb43ee,squslpoG3
sorachancoin,63c8c6baaa1a876c83cb45a0,8Go89pphD
south-african-tether,63c8c73faa1a876c83cb4613,QD-pBPTNv
bilira,63c8c45faa1a876c83cb43ee,squslpoG3
vidyx,63c8cba8aa1a876c83cb48dc,6L7ICvGs1
arcs,63c8c3d5aa1a876c83cb4396,uCJxqRk27
venus-cardano,63c8da3e4a323b78af8aeb68,6WxnWIRUc
privateum-initiative,63c8da9a4a323b78af8aebb7,Ek4WLIxCP
chain-games,606e1c4b4493cf0010ed7a47,SJXF2csBO
aquari,63c8dc3e4a323b78af8aecae,ZB005jHSz
dymmax,63c8cb3baa1a876c83cb48a1,cThanik7E
funder-one-capital,63c8cd27aa1a876c83cb49d3,I10otAR3B
venus-cardano,63c8da3e4a323b78af8aeb68,6WxnWIRUc
privateum-initiative,63c8da9a4a323b78af8aebb7,Ek4WLIxCP
dymmax,63c8cb3baa1a876c83cb48a1,cThanik7E
aquari,63c8dc3e4a323b78af8aecae,ZB005jHSz
copiosa-coin,63c8db4c4a323b78af8aec3d,rm62m98Js
vidyx,63c8cba8aa1a876c83cb48dc,6L7ICvGs1
funder-one-capital,63c8cd27aa1a876c83cb49d3,I10otAR3B
compound-usdt,63c8c6dbaa1a876c83cb45c4,K1IoSSD83
certified-diamond-coin,5e46d50e0ee1ca000e6625d5,B1VrBIEX8
tgold,63c8c6afaa1a876c83cb4597,GEoLZzFqu
dinolfg,63909adc5d9f357ba4cefba3,
compound-usdt,63c8c6dbaa1a876c83cb45c4,K1IoSSD83
sorachancoin,63c8c6baaa1a876c83cb45a0,8Go89pphD
compound-augur,63c8c6e2aa1a876c83cb45cd,_CCbA_m_I
funder-one-capital,63c8cd27aa1a876c83cb49d3,I10otAR3B
bns-token,63c8c74daa1a876c83cb4625,0dV4EMXZ0
bts-chain,63c8c7ceaa1a876c83cb466c,mhip2r0xP
axion,6061b20d29f30500103cc842,rkYVGV1Sd
jointer,607f3836b8a4cc0010364e72,B1eko_23Lu
tgold,63c8c6afaa1a876c83cb4597,GEoLZzFqu
jointer,607f3836b8a4cc0010364e72,B1eko_23Lu
privateum-initiative,63c8da9a4a323b78af8aebb7,Ek4WLIxCP
blx,624eff2e7574246bb6f2d418,Hk_NyYnXc
mixin,5af06fe412eed6000d535132,ry9bexAaG
botxcoin,5d007b9e1a9eb5000efc740c,S10RslA04
aquari,63c8dc3e4a323b78af8aecae,ZB005jHSz
dymmax,63c8cb3baa1a876c83cb48a1,cThanik7E
funder-one-capital,63c8cd27aa1a876c83cb49d3,I10otAR3B
gerowallet,63c8dc104a323b78af8aec94,pl3zMwjb6
tgold,63c8c6afaa1a876c83cb4597,GEoLZzFqu
compound-usdt,63c8c6dbaa1a876c83cb45c4,K1IoSSD83
sorachancoin,63c8c6baaa1a876c83cb45a0,8Go89pphD
gerowallet,63c8dc104a323b78af8aec94,pl3zMwjb6
funder-one-capital,63c8cd27aa1a876c83cb49d3,I10otAR3B
tgold,63c8c6afaa1a876c83cb4597,GEoLZzFqu
vidyx,63c8cba8aa1a876c83cb48dc,6L7ICvGs1
crypto-holding-frank-token,63c8c5c5aa1a876c83cb4502,9pKovL92Y
compound-0x,63c8c6cfaa1a876c83cb45b2,4s7XlqyzB
tilwiki,63c8c537aa1a876c83cb4497,GQjssgDt_
esr-coin,63c8c863aa1a876c83cb46cb,c7y2xGIDI
aquari,63c8dc3e4a323b78af8aecae,ZB005jHSz
compound-usdt,63c8c6dbaa1a876c83cb45c4,K1IoSSD83
sorachancoin,63c8c6baaa1a876c83cb45a0,8Go89pphD
gerowallet,63c8dc104a323b78af8aec94,pl3zMwjb6
kepler-network,63c8c4ccaa1a876c83cb443e,-Oq1mbbxS
impulseven,63c8cebcaa1a876c83cb4ac2,H3UPL5B9I
dymmax,63c8cb3baa1a876c83cb48a1,cThanik7E
lgo-exchange,5b24e4efb84b58000e5d92af,S1qHHPfZm
tbtc,605505b7e7521e001049fd0c,HJKy8tGN_
pibble,63c8bf597525e80f4c784cbb,x4cLmjXjs
tbtc,605505b7e7521e001049fd0c,HJKy8tGN_
pibble,63c8bf597525e80f4c784cbb,x4cLmjXjs
naga,5b252adcb84b58000e5d9301,Hy2f6W7ZQ
skillchain,63c8c65faa1a876c83cb456b,ooxD0TMFn
whole-network,63c8c1b77525e80f4c784e11,fAg5bu6Cr
izichain,5cc950e0d35ff90018ac7f48,SkSmZCUjV
compound-wrapped-btc,63c8c6d5aa1a876c83cb45bb,z7wEPRNYS
dionpay,63c8c79aaa1a876c83cb4651,Y-Pko_Gm6
fileshare-platform,63909bf09f1d106c91e743fe,
darcrus,5b29dc4d75cf69000ef18b8a,rko_n8v-m
compound-wrapped-btc,63c8c6d5aa1a876c83cb45bb,z7wEPRNYS
dionpay,63c8c79aaa1a876c83cb4651,Y-Pko_Gm6
fileshare-platform,63909bf09f1d106c91e743fe,
gerowallet,63c8dc104a323b78af8aec94,pl3zMwjb6
darcrus,5b29dc4d75cf69000ef18b8a,rko_n8v-m
sorachancoin,63c8c6baaa1a876c83cb45a0,8Go89pphD
polybius,5b29dd7e75cf69000ef18b8d,Hkp708DWQ
compound-usdt,63c8c6dbaa1a876c83cb45c4,K1IoSSD83
crust,60a17754e26d6b000f7d3cda,rJWKDgyt_
life,5b31cf438f3658000eac0c05,r1r_1IJMm
crust,60a17754e26d6b000f7d3cda,rJWKDgyt_
funder-one-capital,63c8cd27aa1a876c83cb49d3,I10otAR3B
life,5b31cf438f3658000eac0c05,r1r_1IJMm
aquari,63c8dc3e4a323b78af8aecae,ZB005jHSz
mytoken,63c17b46dc04ef7aca2be014,2SOhkGb6S
gerowallet,63c8dc104a323b78af8aec94,pl3zMwjb6
insureum,63c8be797525e80f4c784c34,TEcgkGQmP
sorachancoin,63c8c6baaa1a876c83cb45a0,8Go89pphD
ecomi,60644a38844e3f0010f19ab5,HyvdqTWBO
dymmax,63c8cb3baa1a876c83cb48a1,cThanik7E
tidex-token,63c178d5d8ad54ed148db708,ohlTTeYmy
dymmax,63c8cb3baa1a876c83cb48a1,cThanik7E
varc,63c8c66eaa1a876c83cb4574,CyaI4ZgbZ
proof-of-memes,63918e27429e6184adb3ddc5,
blocknotex,63c8c6a5aa1a876c83cb458e,od-wYDP11
ubiner,63c8c9a9aa1a876c83cb47a7,bbDCHYWlg
metis,63c8ca54aa1a876c83cb4813,lnblVP7mv
bincentive,63c8c2017525e80f4c784e52,ufJ6CNUjt
aquari,63c8dc3e4a323b78af8aecae,ZB005jHSz
tierion,5b25e773b84b58000e5d931e,r1zsPP7-X
space-token,63c8dc484a323b78af8aecb7,9OjhYa2U9
tierion,5b25e773b84b58000e5d931e,r1zsPP7-X
vidyx,63c8cba8aa1a876c83cb48dc,6L7ICvGs1
aeron,5b601bd4900ca8000eb2073e,rykfn964m
exmr-fdn,5e4707340ee1ca000e662605,Bk-wPY4mI
venus-cardano,63c8da3e4a323b78af8aeb68,6WxnWIRUc
decent,5b25f5d7b84b58000e5d933f,ry5e8u7-m
beeswap,6062029229f30500103cca0b,S1y1XFJB_
edc-blockchain,5d8a33ef03d49f001864b6e6,SkIG43PPS
privateum-initiative,63c8da9a4a323b78af8aebb7,Ek4WLIxCP
impulseven,63c8cebcaa1a876c83cb4ac2,H3UPL5B9I
oasisbloc,63c8ca65aa1a876c83cb481c,ehDMwfcvA
moonlight-token,63c8dbc74a323b78af8aec7a,VUVBOzykk
metis,63c8ca54aa1a876c83cb4813,lnblVP7mv
space-token,63c8dc484a323b78af8aecb7,9OjhYa2U9
gbex,61dec647b51c96000ff1c354,BJADIH32t
bizzcoin,63c8c55aaa1a876c83cb44b2,JHzm2tLjw
vidyx,63c8cba8aa1a876c83cb48dc,6L7ICvGs1
hintchain,6061f41429f30500103cc9b9,rJ1KEO1rd
ins-ecosystem,5b25955fb84b58000e5d9310,S12nHf7WQ
hintchain,6061f41429f30500103cc9b9,rJ1KEO1rd
simbcoin-swap,63c8ca43aa1a876c83cb480a,rBULLa6WJ
oasisbloc,63c8ca65aa1a876c83cb481c,ehDMwfcvA
ins-ecosystem,5b25955fb84b58000e5d9310,S12nHf7WQ
ttc-protocol,5cfe0d286e3915000eddcfaa,By4vpKoRV
impulseven,63c8cebcaa1a876c83cb4ac2,H3UPL5B9I
moonlight-token,63c8dbc74a323b78af8aec7a,VUVBOzykk
npcoin,5e467b0403c305000ef755ab,HkWVjeE78
beldex,5e21f11e9aa6ab000e77a29e,SJwLbdJbL
space-token,63c8dc484a323b78af8aecb7,9OjhYa2U9
impulseven,63c8cebcaa1a876c83cb4ac2,H3UPL5B9I
basketcoin,63c8cd97aa1a876c83cb4a12,vEfsufZcE
copiosa-coin,63c8db4c4a323b78af8aec3d,rm62m98Js
mindol,5e21dcc49aa6ab000e77a28d,B1Ml681WL
sprink,63c8ce58aa1a876c83cb4a8d,r1ZYptk0K
american-shiba,63c8dc644a323b78af8aecc9,hp8ufTTTB
simbcoin-swap,63c8ca43aa1a876c83cb480a,rBULLa6WJ
blockport,5b2f20fa3b8e93000e2bc187,S1tmbihZX
cnns,63c8c01f7525e80f4c784d0b,BCgfgspKw
guapcoin,63c8c43faa1a876c83cb43d5,MRcHAC_Xd
guapcoin,63c8c43faa1a876c83cb43d5,MRcHAC_Xd
bitpanda-ecosystem-token,6074bc084ff7640010e5053d,HkhN2EfUO
ecoreal-estate,5ce6b1a4dcfde8000e991693,rkl0ZNVTV
basketcoin,63c8cd97aa1a876c83cb4a12,vEfsufZcE
mothership,5b28acc22d071d000ea36cd9,SJCka7LbX
test,62cc1c5d0dc9853868400e18,JSSsHUAag
impulseven,63c8cebcaa1a876c83cb4ac2,H3UPL5B9I
casinocoin,5b29299875cf69000ef18b68,Bk-RFj8bm
blockstamp,5e1cc0a13833df000e67a29d,S1oClS9eI
american-shiba,63c8dc644a323b78af8aecc9,hp8ufTTTB
blockstamp,5e1cc0a13833df000e67a29d,S1oClS9eI
vynk-chain,63c8d98d4a323b78af8aeaeb,4nPX7w4NQ
veriblock,5cff31bb6edb820018c1ae66,HkZefn204
yfione,63c8cc40aa1a876c83cb4947,Xc9CwanMV
eron-project,617e73e5db9afb000f4f2dcd,S1WH4ehIY
flexacoin,5ed41881f9f81a000edff179,SyCjucbn8
basketcoin,63c8cd97aa1a876c83cb4a12,vEfsufZcE
tourismx-token,63909b7a9f1d106c91e7438c,6vbOPsbI7
american-shiba,63c8dc644a323b78af8aecc9,hp8ufTTTB
alias,63c14ba92e8fab2b576d0614,B2j_Jnzyd
ultralpha,63c8c1417525e80f4c784db1,w03fqAG3R
codex,63c8c1f67525e80f4c784e49,F4VYekuEk
cpucoin,63c8cc09aa1a876c83cb4924,NwL39mLne
tratok,63c8bfff7525e80f4c784d02,zX-gj7P52
yfione,63c8cc40aa1a876c83cb4947,Xc9CwanMV
alpha-finance-lab,6041506ed9bcb60010740fd2,r15TeACG_
litecash,63c8c40caa1a876c83cb43ba,QEx3YGpj_
ubiner,63c8c9a9aa1a876c83cb47a7,bbDCHYWlg
american-shiba,63c8dc644a323b78af8aecc9,hp8ufTTTB
bodhi,5b277d912d071d000ea36cbe,H1thTxBZX
gold-secured-currency,63c8dce04a323b78af8aed0e,aBk9Wi_iv
meetple,63c8cde6aa1a876c83cb4a2b,bUQUzu9Vj
buzzshow,63c8c5eaaa1a876c83cb451c,ZCrsUKyCF
junca-cash,63c8c897aa1a876c83cb46ed,-WHWO2-xe
coinflex,6061f1ff29f30500103cc9ad,HkBIGO1Sd
camp,63c8c97faa1a876c83cb478c,Ltz_jXyEs
silent-notary,5b29fc9275cf69000ef18bbf,H1w0ndv-7
chronobank,5b29313d75cf69000ef18b71,HkRPb3IWQ
pando,63c8cd35aa1a876c83cb49dc,A4_USUPMP
etheroll,5d076086046462000ecbfec2,Bym3gkByS
bitonyx,63c8c997aa1a876c83cb479e,cfyA5UgDN
gold-secured-currency,63c8dce04a323b78af8aed0e,aBk9Wi_iv
shih-tzu,63c8db134a323b78af8aec19,ja8sPJ6-N
eddaswap,63c8ce08aa1a876c83cb4a45,kBx_WenP9
vynk-chain,63c8d98d4a323b78af8aeaeb,4nPX7w4NQ
cryptobank,63c8cb20aa1a876c83cb4898,7YDxRCQ62
meetple,63c8cde6aa1a876c83cb4a2b,bUQUzu9Vj
aces,63c14b8f2e8fab2b576d05fc,We3HNRjlq
yfione,63c8cc40aa1a876c83cb4947,Xc9CwanMV
ubiner,63c8c9a9aa1a876c83cb47a7,bbDCHYWlg
bitonyx,63c8c997aa1a876c83cb479e,cfyA5UgDN
camp,63c8c97faa1a876c83cb478c,Ltz_jXyEs
aces,63c14b8f2e8fab2b576d05fc,We3HNRjlq
meetple,63c8cde6aa1a876c83cb4a2b,bUQUzu9Vj
eddaswap,63c8ce08aa1a876c83cb4a45,kBx_WenP9
vynk-chain,63c8d98d4a323b78af8aeaeb,4nPX7w4NQ
cryptobank,63c8cb20aa1a876c83cb4898,7YDxRCQ62
shih-tzu,63c8db134a323b78af8aec19,ja8sPJ6-N
pando,63c8cd35aa1a876c83cb49dc,A4_USUPMP
yfione,63c8cc40aa1a876c83cb4947,Xc9CwanMV
beforecoinmarketcap,63c8da164a323b78af8aeb44,yIqSj9MqJ
macaronswap,63c8cea1aa1a876c83cb4ab0,vsvs3mmLj
aces,63c14b8f2e8fab2b576d05fc,We3HNRjlq
camp,63c8c97faa1a876c83cb478c,Ltz_jXyEs
gold-secured-currency,63c8dce04a323b78af8aed0e,aBk9Wi_iv
orakuru,63c8d9964a323b78af8aeaf4,vGHdSDcxf
bitonyx,63c8c997aa1a876c83cb479e,cfyA5UgDN
shih-tzu,63c8db134a323b78af8aec19,ja8sPJ6-N
meetple,63c8cde6aa1a876c83cb4a2b,bUQUzu9Vj
eddaswap,63c8ce08aa1a876c83cb4a45,kBx_WenP9
macaronswap,63c8cea1aa1a876c83cb4ab0,vsvs3mmLj
verox,63c8cbcfaa1a876c83cb4900,GZgFGBb1h
calicoin,63c8dab34a323b78af8aebc9,UmFBHeXLP
dequant,63c8cbaeaa1a876c83cb48e5,6TLRrkFF9
orakuru,63c8d9964a323b78af8aeaf4,vGHdSDcxf
total-crypto-market-cap-token,63c8daed4a323b78af8aebff,MmM5zLj3u
idk,63c8c620aa1a876c83cb453f,w6ZO0GEp_
shih-tzu,63c8db134a323b78af8aec19,ja8sPJ6-N
gold-secured-currency,63c8dce04a323b78af8aed0e,aBk9Wi_iv
compound-dai,63c8c4adaa1a876c83cb4423,CTYYHLXq5
actifit,63c8d9df4a323b78af8aeb20,8lNmW21De
aces,63c14b8f2e8fab2b576d05fc,We3HNRjlq
beforecoinmarketcap,63c8da164a323b78af8aeb44,yIqSj9MqJ
wallstreetbets-dapp,63c8db354a323b78af8aec2b,jA_knTJWT
total-crypto-market-cap-token,63c8daed4a323b78af8aebff,MmM5zLj3u
junca-cash,63c8c897aa1a876c83cb46ed,-WHWO2-xe
calicoin,63c8dab34a323b78af8aebc9,UmFBHeXLP
aurix,63c8ce33aa1a876c83cb4a69,Lfs01wzAy
dailyswap-token,63c8ce50aa1a876c83cb4a84,Q6inItry5
macaronswap,63c8cea1aa1a876c83cb4ab0,vsvs3mmLj
actifit,63c8d9df4a323b78af8aeb20,8lNmW21De
dailyswap-token,63c8ce50aa1a876c83cb4a84,Q6inItry5
sprink,63c8ce58aa1a876c83cb4a8d,r1ZYptk0K
idk,63c8c620aa1a876c83cb453f,w6ZO0GEp_
total-crypto-market-cap-token,63c8daed4a323b78af8aebff,MmM5zLj3u
wallstreetbets-dapp,63c8db354a323b78af8aec2b,jA_knTJWT
compound-dai,63c8c4adaa1a876c83cb4423,CTYYHLXq5
junca-cash,63c8c897aa1a876c83cb46ed,-WHWO2-xe
calicoin,63c8dab34a323b78af8aebc9,UmFBHeXLP
wibx,63c8c56faa1a876c83cb44c4,sF3KsXwFx
tanks-for-playing,63c8f3a44a323b78af8af6aa,IsCRBQxrC
sprink,63c8ce58aa1a876c83cb4a8d,r1ZYptk0K
pollux-coin,63c8c84caa1a876c83cb46ba,d1sVXTQY8
jindo-inu,63c8dcfc4a323b78af8aed22,v62m2dhmZ
fortress-lending,63c8daa84a323b78af8aebc0,uCHxor3UF
idk,63c8c620aa1a876c83cb453f,w6ZO0GEp_
compound-dai,63c8c4adaa1a876c83cb4423,CTYYHLXq5
wibx,63c8c56faa1a876c83cb44c4,sF3KsXwFx
tgold,63c8c6afaa1a876c83cb4597,GEoLZzFqu
gerowallet,63c8dc104a323b78af8aec94,pl3zMwjb6
idk,63c8c620aa1a876c83cb453f,w6ZO0GEp_
sprink,63c8ce58aa1a876c83cb4a8d,r1ZYptk0K
compound-dai,63c8c4adaa1a876c83cb4423,CTYYHLXq5
888tron,63c8c759aa1a876c83cb462e,r7btSrodl
wibx,63c8c56faa1a876c83cb44c4,sF3KsXwFx
tgold,63c8c6afaa1a876c83cb4597,GEoLZzFqu
gerowallet,63c8dc104a323b78af8aec94,pl3zMwjb6
ziktalk,63c8c7a6aa1a876c83cb465a,nIdzCqvIT
sorachancoin,63c8c6baaa1a876c83cb45a0,8Go89pphD
compound-usdt,63c8c6dbaa1a876c83cb45c4,K1IoSSD83
fortress-lending,63c8daa84a323b78af8aebc0,uCHxor3UF
compound-dai,63c8c4adaa1a876c83cb4423,CTYYHLXq5
medicalveda,63c8c9ddaa1a876c83cb47cb,wTEBbi43o
wibx,63c8c56faa1a876c83cb44c4,sF3KsXwFx
tgold,63c8c6afaa1a876c83cb4597,GEoLZzFqu
gerowallet,63c8dc104a323b78af8aec94,pl3zMwjb6
gysr,63c8c9f3aa1a876c83cb47dc,PJNuFrmmW
sorachancoin,63c8c6baaa1a876c83cb45a0,8Go89pphD
compound-usdt,63c8c6dbaa1a876c83cb45c4,K1IoSSD83
funder-one-capital,63c8cd27aa1a876c83cb49d3,I10otAR3B
