slug,id
bitcoin,5aeacb0cca5e76000dab93a1
ethereum,5aeadada080b3a000d78936c
tether,5aeade00080b3a000d78936d
usd-coin,606859976e5a8900107faa48
binance,5aeb54be080b3a000d789371
ripple,5aeacf0cca5e76000dab93a2
cardano,5ed40bbbf9f81a000edff161
solana,5fb7fef80009ce001085ce85
dogecoin,6043cad7d4f39a0010f5d621
matic-network,5f24933cafdae0000e7bbdc9
polkadot,5fa45a1d49365c0010de2503
shiba-inu,609a78940423d5000fad8ced
dai,5f20204cb8868b000eb44173
polygon,603a1bf79d860a00102feea4
tron,5aead50d080b3a000d78936b
avalanche,5fb800d20009ce001085ce8a
leocoin,5b2c2ef10b15cb000ea2d167
wrapped-bitcoin,5fa45d1f49365c0010de250c
unus-sed-leo,5fb8170e10d38b0010ff2441
uniswap,5fa45f4d49365c0010de2515
cosmos,5ed410e9f9f81a000edff168
litecoin,6053d0bc2c03620010b9c161
chainlink,5ccb0e4e09b644000eadba07
ftx-token,5e1b52c30aa9e9000ea0fd88
crypto-com-chain,5ccb000409b644000eadb9e4
stellar,5aead170080b3a000d789369
flow-dapper-labs,603033ee5b7bf000102317af
lido-dao,63c8cab8aa1a876c83cb4859
vechain,5ed40524f9f81a000edff152
filecoin,5fa45e7449365c0010de2512
chiliz,5e3f1abdb4c11d0018ab17bd
internet-computer,63c8cef9aa1a876c83cb4add
tezos,5ccafcd809b644000eadb9df
decentraland,5b140425624c02000ee512d4
hedera-hashgraph,5e1cc50c3833df000e67a2a5
the-sandbox,60318b0c9c4731001009dc64
quant,5ce79fdd7cfe9d000e778dde
eos-1,604393e4d4f39a0010f5d570
theta-token,5b13a8b1624c02000ee51292
elrond,5e1cc6eb3833df000e67a2aa
aave,5e4556520300e8000eada3f3
kucoin-shares,5af3d8b9560819000d6028b4
zcash,5aeb687e080b3a000d789374
bittorrent,5ccb601b09b644000eadba22
iota,5aead31a080b3a000d78936a
synthetix-network-token,5e1b56ab0aa9e9000ea0fd90
klaytn,6061a3dd29f30500103cc7ff
maker,5af060da12eed6000d53512d
gemini-dollar,63c8bddb7525e80f4c784be4
helium,60414ebbd9bcb60010740fc9
neo,5fb82a4310d38b0010ff245f
fantom,5cfeaf216e3915000eddcfed
pax-gold,60415c33d9bcb60010741008
thorchain,60649de1844e3f0010f19c75
nexo,5b1cbc0de0beb5000e207e29
curve-dao-token,603014212d974300100060ed
enjin-coin,5ccb618309b644000eadba26
dash,5fb8110810d38b0010ff2437
basic-attention-token,5af16ce694d054000d104f7d
waves,5fbc29fa4da13d001083a87a
zilliqa,5aec24f0080b3a000d789377
fei-protocol,607062f0fee8b50010cca369
ravencoin,5b2048ae6c7116000e12a3e3
kava-io,5fb82f0e10d38b0010ff246b
compound,5f201d6ab8868b000eb44166
loopring,5af06d2e12eed6000d535131
celsius,5e401a3c1b1171000eb8b048
1inch,602ffc8231776a0010650341
nem,5ed41328f9f81a000edff170
holo,5af43f04196991000da4e29d
ankr-network,5cff2228d2dd5c000e84dcda
terra,5f201ebbb8868b000eb4416d
arweave,60303b1e5b7bf000102317e2
xinfin-network,6071bc0df593cd00103ff03a
gnosis,5b17d40b8b33af000ed2b37c
usdj,63c8c567aa1a876c83cb44bb
qtum,5aeae26c080b3a000d78936f
safemoon,6058d82b4dfcdc0010b9859b
kyber-network,5af3dbf7560819000d6028b5
link,63c8c1a07525e80f4c784dff
iotex,5b20e5d31de29f000ea165df
golem,5af05f5112eed6000d53512c
theta-fuel,63c8bf7f7525e80f4c784ccd
rocket-pool,5e46814403c305000ef755b6
reserve-rights,5d507efc929bd0000e5ce2fe
omisego,5aeadef4080b3a000d78936e
harmony,5e21cdb29aa6ab000e77a270
iostoken,5af0736112eed6000d535133
zeon,5e467ef703c305000ef755b2
chain,63c904ab4a323b78af8b00e5
balancer,604ca40cc191230010c8b466
0x,5aec340d94c77a000d700f91
bora,5e944a8dd02e7f000eda6236
symbol,63c8cd1caa1a876c83cb49ca
icon,5aeb51d0080b3a000d789370
just,63c8c5bdaa1a876c83cb44f9
zencash,5b13fe04624c02000ee512ca
abbc-foundation,5ccb0c4309b644000eadba03
serum,603039c15b7bf000102317d9
ontology,5ed409a0f9f81a000edff15c
siacoin,5aec2a8594c77a000d700f8e
wax-1,5ccb65e109b644000eadba30
swipe,5e1b645f0aa9e9000ea0fd9a
audius,6042b225cefa7d001049ae03
polymath,5af43bb9196991000da4e29a
voyager-token,603143fb5b7bf00010231cbf
chia-network,60a16f8de26d6b000f7d3cd6
ergo-1,6084246c0b94e6000f6f61f5
secret,6074b9af4ff7640010e50523
swissborg,5f249056afdae0000e7bbdc4
uma,6030032731776a001065036c
digibyte,603a6eb29d860a00102fefc6
skale-network,60437840d4f39a0010f5d509
civic,5fb80f1610d38b0010ff2433
keep-network,60437351d4f39a0010f5d4e6
storj,63c14ca22e8fab2b576d0653
medibloc,5b24f664b84b58000e5d92d1
ceek-vr,5b29f76875cf69000ef18bb9
ultra,5e47ca813eeff40018892c6a
humanscape,5cff296e6edb820018c1ae59
stasis-euro,60830af50dbabc000f6472fc
request-network,5b17669d6bcb44000e79a550
energy-web-token,5fa4639e49365c0010de2521
tribe,63c8d95d4a323b78af8aeac9
syscoin,5af436d0196991000da4e296
maidsafecoin,5cc9530fd35ff90018ac7f4c
conflux-network,606ca195185c5000106d8294
bitcoin-standard-hashrate-token,6074b3e84ff7640010e504f7
ren,5ce79e8d7cfe9d000e778dda
celer-network,5ce6af3cdcfde8000e99168f
coti,5f202cafb8868b000eb4418c
mvl,5fb81d8b10d38b0010ff244d
wink,5d8a264903d49f001864b6dd
status,5af062be12eed6000d53512e
power-ledger,5b13f4cc624c02000ee512b9
avinoc,63c8bdbb7525e80f4c784bc9
ardor,5af1736394d054000d104f80
velas,5e46fdf70ee1ca000e6625f5
orbs,5cd0393b324b00000e0baa48
reef,6030018b31776a001065035f
prometeus,6042b4f8cefa7d001049ae12
function-x,5e4558010300e8000eada3f7
uquid-coin,5b2f1fb03b8e93000e2bc184
ocean-protocol,5f2494aaafdae0000e7bbdcf
dent,5b17cbe78b33af000ed2b36c
iexec,5b13bd32624c02000ee512ab
numeraire,5b31d2058f3658000eac0c0b
dexe,63c8c954aa1a876c83cb4768
everscale,63c8c98daa1a876c83cb4795
api3,6076f2a3a5f6d80010f22633
steem,5aec17d8080b3a000d789376
telcoin,5b2390ff5e4952000e62eea3
cartesi,6042a898cefa7d001049add4
funfair,5af3e039560819000d6028b8
bancor,5af43551196991000da4e295
constellation,5b6013ee900ca8000eb2072f
quarkchain,5b21437e1de29f000ea165eb
chromia,60774f0ea5f6d80010f22833
wazirx,5e4560c00300e8000eada40b
augur,5af075b312eed6000d535134
raydium,6042b08dcefa7d001049adf5
xyo,63c8bda67525e80f4c784bb7
rakon,63c8c42caa1a876c83cb43cc
bifrost,63c8ca72aa1a876c83cb4825
decimal,63c8ee5b4a323b78af8af358
stormx,6053cdaa2c03620010b9c149
metal,5cfeb3656e3915000eddcff7
whitecoin,60303cca5b7bf000102317ef
nest-protocol,63c8c6f4aa1a876c83cb45de
orchid,5e4702e50ee1ca000e6625fc
adshares,5d069e04f91239000ea5f31c
aelf,5af1706c94d054000d104f7e
stratis,63c14b832e8fab2b576d05f4
nkn,5b23870a5e4952000e62ee90
insure-defi,607751f5a5f6d80010f22844
origintrail,5b2384935e4952000e62ee8a
creditcoin,60423312cefa7d001049ac57
fetch,5cff2594d2dd5c000e84dce1
world-mobile-token,63c8f3714a323b78af8af689
mdex,606ca8b6185c5000106d82c5
utrust,5b2593fbb84b58000e5d930d
vai,63c8ca7caa1a876c83cb482e
rif-token,5cd5058b083569000e68848e
venus,60329e5a9c4731001009e0f0
propy,5b29e4dd75cf69000ef18b9a
aergo,5d51054a929bd0000e5ce33e
ark,5af17ba394d054000d104f85
wirex,5d045cc72f0c70000e2f2660
myneighboralice,6053cab42c03620010b9c128
alchemy-pay,63c8c8c4aa1a876c83cb4708
verge,5aeb5efb080b3a000d789373
sologenic,6043704ed4f39a0010f5d4d5
glitzkoin,5e21f5f69aa6ab000e77a2a8
hedgetrade,5ed40794f9f81a000edff156
sun,6042af79cefa7d001049aded
centrality,5af3e1ee560819000d6028b9
celo-dollar,6083089d0dbabc000f6472f8
moviebloc,5e455d060300e8000eada402
mainframe,5b472a1078c26c000e74786b
conun,5fb81f4710d38b0010ff2451
somesing,63c8c642aa1a876c83cb4559
thundercore,5d0076931a9eb5000efc73fe
concordium,63c901d54a323b78af8aff28
melon,5b26620026115f000e323fd9
polkastarter,60415206d9bcb60010740fe1
dero,5d0075081a9eb5000efc73fb
dusk-network,5e45c84803c305000ef75567
chainbing,63c8e3cb4a323b78af8af137
verasity,63c8bf647525e80f4c784cc4
sport-and-leisure,5e47d0ee3eeff40018892c79
mines-of-dalarnia,63c8e36a4a323b78af8af0f0
ampleforth,5f201b23b8868b000eb44160
gxchain,5cd0371f324b00000e0baa44
neblio,5b1765606bcb44000e79a54c
strike,63c8ceecaa1a876c83cb4ad4
phala-network,603186139c4731001009dc42
dkargo,604245aacefa7d001049aca9
yield-guild-games,63c8dfc44a323b78af8aee96
cocos-bcx,5fb82c2810d38b0010ff2464
band-protocol,5f2027a2b8868b000eb4417d
tomochain,5b24f48ab84b58000e5d92cd
smartofgiving,63c8bde57525e80f4c784bed
klever,606723e55a0eb8001092ce29
qcash,60830e0b0dbabc000f647300
safepal,6071bf2af593cd00103ff048
wanchain,6065cf8c4d1b370010c46506
bitshares,5ccb5e7e09b644000eadba1e
super-zero,5e4554800300e8000eada3ed
carry,5e46ccd00ee1ca000e6625c4
lina,5d493716a91d2d000ef7b19a
komodo,5af1723a94d054000d104f7f
gods-unchained,63c8df8c4a323b78af8aee73
aioz-network,606e176b4493cf0010ed7a2c
platon,63c8db284a323b78af8aec22
syntropy,6041550bd9bcb60010740fe9
bitmart,6054f95ce7521e001049fcd4
terra-virtua-kolect,607f27ecb8a4cc0010364de6
hyperion,5ce79a9f7cfe9d000e778dd3
cult-dao,63c900ce4a323b78af8afe6d
akash-network,603043ef5b7bf0001023182b
star-atlas,63c8e1e14a323b78af8af006
moss-coin,5cff304c6edb820018c1ae61
proton,6083e0350b94e6000f6f61e1
refereum,5b29da8b75cf69000ef18b87
lto-network,5d00785c1a9eb5000efc7404
hunt,63c8c523aa1a876c83cb4486
kardiachain,63c8c581aa1a876c83cb44cd
bitcoin-diamond,604cace9c191230010c8b4a0
elastos,5af3df27560819000d6028b7
era-swap,63c8c22d7525e80f4c784e6d
pivx,5af3dd8b560819000d6028b6
dxchain,5d507c93929bd0000e5ce2f8
presearch,5b25ee13b84b58000e5d932d
ultiledger,5d435c75be73bb000e411a76
steem-dollars,63c14b6f2e8fab2b576d05e4
groestlcoin,5b2140981de29f000ea165e5
aeternity,5aeb6a52080b3a000d789375
orion-protocol,63c8c67baa1a876c83cb457d
bluzelle,5b47264978c26c000e747866
coinpoker,63c17918d8ad54ed148db728
bitcicoin,63c8cc16aa1a876c83cb492d
district0x,5b251770b84b58000e5d92f8
airswap,5b24e695b84b58000e5d92b2
tokenlon-network-token,63c8cb15aa1a876c83cb488f
time-new-bank,5b213ef51de29f000ea165e2
phantasma,5b29e3d375cf69000ef18b97
efforce,63c8ca87aa1a876c83cb4837
selfkey,5b2969c075cf69000ef18b77
mil-k,6042a5eecefa7d001049adc4
elitium,5e47d2c33eeff40018892c7c
mantra-dao,603188409c4731001009dc50
streamr-datacoin,5b214f8b1de29f000ea165f1
latoken,5ce7932b7cfe9d000e778dc5
beam,6054f31ae7521e001049fcab
cortex,5af42fab196991000da4e292
adex,5b24e808b84b58000e5d92b5
kin,5b13a52d624c02000ee5128e
litentry,6030f06b5b7bf00010231b0a
waltonchain,5af0776f12eed6000d535135
ambrosus,5b20dad11de29f000ea165d3
unibright,5e455a240300e8000eada3fd
mithril,5af1751794d054000d104f81
gyen,63c8cdf2aa1a876c83cb4a34
akropolis,6030ee3a5b7bf00010231afe
saito,63c8d9b44a323b78af8aeb05
gifto,5b13b6bf624c02000ee512a3
viberate,5b28b6272d071d000ea36ceb
haven-protocol,63c17b2adc04ef7aca2be004
aion,5af16bd594d054000d104f7c
solve-care,5cd4febf083569000e688481
degate,63c8ce40aa1a876c83cb4a72
maro,606cb2f7185c5000106d8317
nuls,5b139f22624c02000ee51285
prizm,5b25f71eb84b58000e5d9342
dock,5b251688b84b58000e5d92f5
hydra,604cab41c191230010c8b492
map-protocol,63c8c3a7aa1a876c83cb4372
bytom,5aec2de694c77a000d700f8f
pnetwork,5f202951b8868b000eb44182
kleros,5e4684d403c305000ef755c0
nestree,63c8c1897525e80f4c784ded
apollo-currency,5ce7a1df7cfe9d000e778de2
measurable-data-token,63c16f6558832a6339ccec4d
waykichain,5af1777794d054000d104f82
digixdao,5af068b312eed6000d535130
fusion,5af4392d196991000da4e298
fox-token,63c8fd124a323b78af8afc65
cube,5b238d515e4952000e62ee9c
mimblewimblecoin,60303e815b7bf000102317ff
peercoin,5b22203063b4aa000ed72831
sonm,5b31cbb48f3658000eac0bff
all-sports,5b163db11fb8e8000e1f15cb
dodo,60678e2d6e5a8900107fa644
metronome,5b6011f3900ca8000eb2072b
valobit,63c8c8aaaa1a876c83cb46f6
btu-protocol,5cfeb7256e3915000eddd003
apm-coin,5e4682fa03c305000ef755bc
arcblock,5b17ce0f8b33af000ed2b370
vite,5cff383e6edb820018c1ae6d
yield-app,63c8cafcaa1a876c83cb487d
hathor,63c8c60faa1a876c83cb4536
bridge-oracle,604234d8cefa7d001049ac61
bosagora,5e4056f41b1171000eb8b06c
dad,63c8c23e7525e80f4c784e76
redfox-labs,603192649c4731001009dc85
cajutel,5cfa35805587d5000e82f20f
stratos,63c8db414a323b78af8aec34
grid,5b29282c75cf69000ef18b65
byteball-bytes,5b14078b624c02000ee512d8
milc-platform,63c8db684a323b78af8aec46
zkswap,604109d9d9bcb60010740ef1
polyswarm,63c17af6dc04ef7aca2bdfec
1irstcoin,5d43593bbe73bb000e411a72
somnium-space-cubes,63c8c4e7aa1a876c83cb4458
sensorium,6054fadbe7521e001049fcde
oxen,63c17c3bd0aa7a599be50a5a
dacxi,63c8ddf24a323b78af8aedd5
quantum-resistant-ledger,5b24e989b84b58000e5d92b8
deeper-network,63c8ceadaa1a876c83cb4ab9
perlin,5e455f930300e8000eada407
diamond,5b2c2ceb0b15cb000ea2d163
crypterium,5b2141de1de29f000ea165e8
reddcoin,5af42ebc196991000da4e291
energi,5cfeb0f56e3915000eddcff1
nunet,63c8f23f4a323b78af8af5bd
cryptex-finance,63c8ddeb4a323b78af8aedcc
unilend,63c8c967aa1a876c83cb477a
callisto-network,5b4b0497d17267000e44ad3e
switcheo,5b29e9e875cf69000ef18ba3
newscrypto,63c8c2567525e80f4c784e88
qash-liquid,5af437f2196991000da4e297
adappter-token,63c8caf0aa1a876c83cb4874
newyork-exchange,603042025b7bf0001023181b
xenioscoin,63c8c416aa1a876c83cb43c3
rupiah-token,608303950dbabc000f6472f0
chainx,603183bf9c4731001009dc31
digitalbits,63c8c1ad7525e80f4c784e08
seele,5cc95640d35ff90018ac7f50
inflation-hedging-coin,63c8f4e34a323b78af8af771
masq,63c8cc30aa1a876c83cb493e
findora,63c8c12a7525e80f4c784da0
insights-network,63c178f5d8ad54ed148db718
mobius,5b26650b26115f000e323fdf
observer,63c8becd7525e80f4c784c69
edgeware,6030f3365b7bf00010231b1f
titanswap,63c8c8ecaa1a876c83cb4722
scallop,63c8ef7f4a323b78af8af424
asta,63c8c7aeaa1a876c83cb4663
aventus,63c1633c33928b03f01818a2
swash,63c8ed4f4a323b78af8af2a2
retreeb,63c8eddb4a323b78af8af301
dragonchain,5af43cd7196991000da4e29b
poseidon-network,5e46fbe00ee1ca000e6625f1
aax-token,6054fe61e7521e001049fced
smart-valor,5cc95aafd35ff90018ac7f5b
hiblocks,63c8c7efaa1a876c83cb467e
position-exchange,63c8e22e4a323b78af8af032
swftcoin,5b24f068b84b58000e5d92c7
ovr,63c8cb7baa1a876c83cb48c2
cashaa,5b25f134b84b58000e5d9333
modum,5b25f255b84b58000e5d9336
wabi,5b26062eb84b58000e5d9359
blockv,63c16af18564c7e2c7197e1c
electric-vehicle-zone,63c8c7e0aa1a876c83cb4675
scprime,63c8c0d77525e80f4c784d6a
foam,63c8bea37525e80f4c784c4f
sharetoken,63c8c11e7525e80f4c784d97
peakdefi,63c8c503aa1a876c83cb446c
mysterium,63c14c382e8fab2b576d063c
hegic,5fb8390110d38b0010ff247b
zano,63c8c1bd7525e80f4c784e1a
kylin,6095ab482923c5000fb55b9e
poa,607da625ec626a0010a6f292
proximax,5cd503f4083569000e68848a
ignis,63c16ce8e9c1195793c042f3
n-exchange,5bc449860f883f000e71ae81
molecular-future,63c170719e487e29149883ec
biopassport-token,63c8cae3aa1a876c83cb486b
edgeless,5b24476e5e4952000e62eeaf
gamercoin,63c8c819aa1a876c83cb4698
tokenomy,5b2398015e4952000e62eeac
ariva,63c8e3ff4a323b78af8af163
baasid,5cc976acd35ff90018ac7f6a
revv,604cb1f2c191230010c8b4bb
multivac,5e4060891b1171000eb8b07c
ring-x-platform,63c8c2627525e80f4c784e91
polaris-share,63c8ca1eaa1a876c83cb47f9
dfyn-network,63c8da554a323b78af8aeb81
bnktothefuture,5b13afeb624c02000ee5129e
newton,5cd50207083569000e688485
ilcoin,5ce795747cfe9d000e778dc9
the-transfer-token,6074bd0d4ff7640010e5054d
cirus-foundation,63c8e41f4a323b78af8af17e
stem-cell-coin,5cff239fd2dd5c000e84dcdd
bhp-network,5cfa2f385587d5000e82f208
nexus,5cfeb4e86e3915000eddcffb
covesting,5b2a1dd975cf69000ef18be1
v-systems,5d481ff769d56a000e7812a7
1world,63c17ae6dc04ef7aca2bdfe4
bytecoin,60841ab40b94e6000f6f61ed
qlcchain,5b277af62d071d000ea36cb9
viacoin,5b24f1ceb84b58000e5d92ca
gridcoin,5b2a05b975cf69000ef18bcc
torum,63c8dece4a323b78af8aedf9
populous,5aec318294c77a000d700f90
aidos-kuneen,5e1cc2b33833df000e67a2a1
salt,5b13f799624c02000ee512bf
insurace,63c8ce17aa1a876c83cb4a57
qatar-2022-token,63c904c54a323b78af8b00f7
sora,6030f1725b7bf00010231b12
factom,5ccb07de09b644000eadb9f8
monetha,5b2a0b2475cf69000ef18bd5
atari-token,63c8c95aaa1a876c83cb4771
bitcoin-private,5b163bd91fb8e8000e1f15c7
bullperks,63c8ddc44a323b78af8aedb2
cryptofranc,5e46768103c305000ef755a8
nxt,5af462a5196991000da4e29f
enecuum,608426de0b94e6000f6f61fc
minter-network,63c8c3b2aa1a876c83cb437b
glitch,63c8cbb8aa1a876c83cb48ee
linker-coin,63c17b34dc04ef7aca2be00c
suncontract,5b2a1af575cf69000ef18bdb
tenx,5b17680c6bcb44000e79a554
maps,63c8cba0aa1a876c83cb48d3
babb,5b24ec43b84b58000e5d92be
lympo,5b17a8368b33af000ed2b368
tokencard,5b24eaf7b84b58000e5d92bb
aurora,5ccb62e709b644000eadba29
fortknoxster,63c8bdd07525e80f4c784bdb
metaverse-etp,5b250a79b84b58000e5d92e9
achain,5b13fc71624c02000ee512c6
deepbrain-chain,5b13f9a4624c02000ee512c2
colossusxt,5b29006075cf69000ef18b3d
oxbull-tech,6061a55329f30500103cc80b
litecoin-cash,5b601622900ca8000eb20732
gpex,63c8feb54a323b78af8afd73
xtrabytes,5b292fbd75cf69000ef18b6e
perth-mint-gold-token,63c8c485aa1a876c83cb4408
vestchain,5ccb64ae09b644000eadba2c
einsteinium,5ce79c517cfe9d000e778dd7
evidenz,63c8be957525e80f4c784c46
nebulas,5af1787494d054000d104f83
smartmesh,5b17d8688b33af000ed2b384
top-network,5cfa4fc55587d5000e82f219
mobilian-coin,63c8c8d3aa1a876c83cb4711
duckdaodime,63c8c82aaa1a876c83cb46a1
sparkpoint,63c8c02e7525e80f4c784d14
dsla-protocol,63c8c54daa1a876c83cb44a9
sibcoin,63c14b172e8fab2b576d058d
skycoin,5af43a91196991000da4e299
safemoon-inu,63c8dc6f4a323b78af8aecd2
lamden,5b2a097b75cf69000ef18bd2
swingby,63c8c737aa1a876c83cb460a
convergence,63c8cd5baa1a876c83cb49e5
graphlinq-protocol,63c8d9684a323b78af8aead2
sifchain,63c8ccdaaa1a876c83cb4996
egretia,5b600f5f900ca8000eb20724
cryptaur,5b24f9d3b84b58000e5d92d7
paid-network,606e1a814493cf0010ed7a3c
genaro-network,5b600b17900ca8000eb20718
gny,60436ef1d4f39a0010f5d4cf
blocknet,5b13c155624c02000ee512af
cybermiles,5b13ad34624c02000ee5129a
exmo,6054fc96e7521e001049fce4
safe-haven,63c8bf997525e80f4c784cd6
smart-mfg,63c17b07dc04ef7aca2bdff4
kubecoin,63c8eeda4a323b78af8af3af
repo-coin,5ce6ad3edcfde8000e991689
spacechain,5b29f19075cf69000ef18baf
primecoin,5b20e0ab1de29f000ea165d9
kava-swap,63c8e40d4a323b78af8af16c
iqeon,63c8bdef7525e80f4c784bf6
wagerr,5b244c6a5e4952000e62eeb5
internet-node-token,5b25ef93b84b58000e5d9330
cybervein,5b2156321de29f000ea165f4
attila,6042aa45cefa7d001049addb
wicrypt,63c8e4874a323b78af8af1c5
kampay,63c8e30a4a323b78af8af0a8
ruff,5b1cc053e0beb5000e207e2f
stakeborg-dao,63c8f4a34a323b78af8af746
webdollar,63c8bfc47525e80f4c784ce8
docademic,5b47386b78c26c000e747874
dentacoin,63c162e8e111080f0431def4
ryoshi-token,63c8e0674a323b78af8aeef6
gleec,63c8c477aa1a876c83cb43ff
hydro-protocol,5b24ed8eb84b58000e5d92c1
libra-credit,5b600c3b900ca8000eb2071b
gulden,5b24eef4b84b58000e5d92c4
ardcoin,6085c71c63ece0000f2b14ea
cloakcoin,5b24e0acb84b58000e5d92a9
ibstoken,63c8c511aa1a876c83cb4475
matrix-ai-network,5af43e31196991000da4e29c
project-pai,5ccb682009b644000eadba36
herocoin,63c16f4c58832a6339ccec40
anchor,5e47cf563eeff40018892c75
dimecoin,5b2916c975cf69000ef18b62
deeponion,5b29fe2d75cf69000ef18bc2
daex,5b2395025e4952000e62eea9
vidy,5e47c90b3eeff40018892c67
airight,63c8e4144a323b78af8af175
don-key,63c8dad74a323b78af8aebed
florin,63c8c92aaa1a876c83cb474d
brother-music-platform,63c8ca0daa1a876c83cb47f0
epik-protocol,63c8da624a323b78af8aeb8a
isiklar-coin,63c8c597aa1a876c83cb44de
crypto20,5ce6b45edcfde8000e99169b
credits,5b20e40e1de29f000ea165dc
cpchain,5b25f8e0b84b58000e5d9345
signata,63c8d9ea4a323b78af8aeb29
high-performance-blockchain,5b14093d624c02000ee512dc
cindicator,5b176bf96bcb44000e79a55c
ally,63c8c3e1aa1a876c83cb439f
platincoin,5e4705070ee1ca000e662601
truechain,5b140030624c02000ee512cf
breezecoin,5e21f73e9aa6ab000e77a2ac
pillar,5e46901d03c305000ef755ce
shirtum,63c8e5be4a323b78af8af268
peri-finance,63c8da824a323b78af8aeba5
chronicle,63c8ce11aa1a876c83cb4a4e
rangers-protocol,63c8ed8c4a323b78af8af2cd
carvertical,5b31dcf68f3658000eac0c1b
realfevr,63c8e04d4a323b78af8aeee5
unistake,605501a2e7521e001049fcfa
cutcoin,63c8c1d77525e80f4c784e2c
42-coin,63c149709eb5b6ce1485f023
bitcoin-plus,63c1499a9eb5b6ce1485f041
youchain,5e21d30d9aa6ab000e77a27f
fortuna,5b29ede675cf69000ef18ba6
bean-cash-bitbean,5b29d97275cf69000ef18b84
drife,63c8e0b24a323b78af8aef34
gamespad,63c8f7544a323b78af8af904
integritee-network,63c8f2934a323b78af8af5f4
bread,5b23834a5e4952000e62ee87
stakenet,5b20de0b1de29f000ea165d6
linkeye,5b251931b84b58000e5d92fb
loser-coin,63c8dae24a323b78af8aebf6
blackhat,63c8df3c4a323b78af8aee40
baanx,63c8e0dd4a323b78af8aef4e
htmlcoin,5b2042786c7116000e12a3df
blackcoin,5b31ce0b8f3658000eac0c02
bonuscloud,63c8c1c97525e80f4c784e23
digix-gold,608305c30dbabc000f6472f4
rigoblock,63c8c39baa1a876c83cb4369
hempcoin,5b29f59b75cf69000ef18bb6
smartcash,5cff36836edb820018c1ae6a
bismuth,63c163ef33928b03f01818f9
levolution,5e467c5403c305000ef755af
daostack,63c17c2cd0aa7a599be50a52
thekey,5b214bd21de29f000ea165ee
vibe,5b25ffe3b84b58000e5d9353
bitcoinhd,5e45c63d03c305000ef75561
9d-nft,63c8f1e44a323b78af8af589
pawthereum,63c8f1684a323b78af8af544
woodcoin,63c14af42e8fab2b576d0557
s4fe,5cfe13316e3915000eddcfb5
yoyow,5b25fa63b84b58000e5d934a
playfuel,5e405ac51b1171000eb8b072
odyssey,5cff2753d2dd5c000e84dce4
putincoin,63c14b642e8fab2b576d05dc
humaniq,63c14bd42e8fab2b576d062c
medicalchain,5b28ae362d071d000ea36cdc
umbrella-network,604cb482c191230010c8b4ca
dav-coin,6061f07729f30500103cc9a2
hyve,63c8c9b9aa1a876c83cb47b0
digitalnote,63c14ac52e8fab2b576d053f
bollycoin,63c8f9cb4a323b78af8afa4a
hollygold,63c8cbc4aa1a876c83cb48f7
tenup,63c8c1637525e80f4c784dd3
paypie,5b20b8bb75d556000e0f98db
litex,5d069fcff91239000ea5f320
flypme,63c1646633928b03f018191f
liquidapps,5e45c9bd03c305000ef7556a
experience-chain,63c8bf027525e80f4c784c90
atlant,6062105129f30500103cca3d
wall-street-games,63c8dcab4a323b78af8aecfd
satt,63c8c901aa1a876c83cb4733
paribus,63c8e34e4a323b78af8af0de
dmarket,5b31d0cf8f3658000eac0c08
tap,5e405cb01b1171000eb8b077
polkawar,63c8e0144a323b78af8aeec3
daps,5b28b3512d071d000ea36ce5
w-green-pay,63c8bfe77525e80f4c784cf9
data,5b2389395e4952000e62ee95
huobi-pool-token,63c8bedb7525e80f4c784c76
oneroot-network,5b27714626115f000e323fe2
swarm,5b2379c65e4952000e62ee7e
medishares,5b17da858b33af000ed2b388
hedget,63c8c8baaa1a876c83cb46ff
lightstreams,63c8c3bdaa1a876c83cb4384
zenfuse,63c8c973aa1a876c83cb4783
zclassic,63c14ba42e8fab2b576d060c
pascal-coin,5b2a030f75cf69000ef18bc8
contentbox,5d435ea7be73bb000e411a7c
primas,5b2774b726115f000e323fe8
substratum,5af432fa196991000da4e294
davinci-coin,5cfa235c5587d5000e82f200
evrynet,63c8e3bf4a323b78af8af12e
dappstore,63c8ddff4a323b78af8aedde
caspian,5d075dd4046462000ecbfebe
dose,63c8ede44a323b78af8af30a
apix,63c8c49baa1a876c83cb441a
geodb,63c8c636aa1a876c83cb4550
wings,5b25152ab84b58000e5d92f2
wepower,5b259745b84b58000e5d9315
ost,5b24e329b84b58000e5d92ac
dinox,63c8e12b4a323b78af8aef8e
atlas-protocol,5e46f5060ee1ca000e6625e4
delphy,5b17a3c48b33af000ed2b362
cryptex,63c8cd90aa1a876c83cb4a09
aryacoin,6064d7824d1b370010c460d0
hydrogen,5b2f1bb83b8e93000e2bc181
autonio,63c166d0a84171cbfcd074cd
atromg8,63c8c5ddaa1a876c83cb4513
apy-finance,604ca92fc191230010c8b483
tycoon,63c8daf44a323b78af8aec08
etherparty,5b2781762d071d000ea36cc7
appcoins,5b2591aab84b58000e5d9308
bottos,5b17d0bb8b33af000ed2b378
realtract,5d436315be73bb000e411a80
pacoca,63c8df194a323b78af8aee25
u-network,5b29025875cf69000ef18b43
wolf-safe-poor-people,63c8e0934a323b78af8aef19
acute-angle-cloud,5cc943b1d35ff90018ac7f38
blockmason-credit-protocol,5b29d7e875cf69000ef18b81
bitcoin-rhodium,5d5027c8929bd0000e5ce2d9
bitcoin-green,5b27868a2d071d000ea36cd3
nanjcoin,5b250efab84b58000e5d92ec
everex,5b29df5375cf69000ef18b91
playchip,5d8a379a03d49f001864b6ec
equal,63c171a45389462416458233
remme,5b2a2f42819928000e8a6629
falcon-project,63c8c700aa1a876c83cb45e7
ink,5b238b945e4952000e62ee99
cotrader,6061a9aa29f30500103cc81d
prcy-coin,607c976d3284f7001013be95
gowithmi,5e4564a00300e8000eada410
phore,5b27763e26115f000e323feb
fantomstarter,63c8f2584a323b78af8af5cf
cyclub,63c8c86faa1a876c83cb46d4
iht-real-estate-protocol,5b17cf908b33af000ed2b374
microbitcoin,5e47ccd63eeff40018892c71
etherzero,5cf4dbada089fb000efd4003
yee,5b27727626115f000e323fe5
zeepin,5b25e581b84b58000e5d931b
ultrain,5cdcea7f7c12ab000e207b48
qbao,5b26638526115f000e323fdc
buzzcoin,63c1636c33928b03f01818c1
odin-protocol,63c8da6c4a323b78af8aeb93
wetrust,5d492ba4a91d2d000ef7b18e
my-master-war,63c8e5804a323b78af8af23d
stox,5b2a1c1a75cf69000ef18bde
indorse,5cc94f44d35ff90018ac7f45
gems,5b29fadc75cf69000ef18bbc
freicoin,63c1443ddf93092ab486bb78
motocoin,63c14ab42e8fab2b576d052f
4thpillar-technologies,63c8c542aa1a876c83cb44a0
shipchain,5b6023f4900ca8000eb20745
enigma,5af554a73eee0c000d24d6c1
fuzex,5b251abcb84b58000e5d92fe
golden-goose,63c8cbdbaa1a876c83cb4909
origo,5e468db003c305000ef755c9
energo,5b29e28b75cf69000ef18b94
investfeed,63c1632a33928b03f0181883
zeusshield,5b29038a75cf69000ef18b46
maecenas,5b277ecc2d071d000ea36cc1
graft,63c17927d8ad54ed148db730
lunchmoney,604caec4c191230010c8b4ad
x42-protocol,63c8c0e07525e80f4c784d73
webflix-token,63c8c0607525e80f4c784d2f
the-force-protocol,5e4567230300e8000eada419
aok,63c8f5f74a323b78af8af819
etna-network,63c8cf1aaa1a876c83cb4afa
trinity-network-credit,5b29071a75cf69000ef18b4d
jade-currency,63c8c3fbaa1a876c83cb43b1
shopping,606e20204493cf0010ed7a65
tera,63c8c0487525e80f4c784d1d
luxcoin,5b2c344e0b15cb000ea2d16f
coldstack,63c8da8e4a323b78af8aebae
smartshare,5b2e6bd33b8e93000e2bc17e
shadow-token,63c1631e33928b03f018187b
asch,5b1772b66bcb44000e79a560
bata,63c14b022e8fab2b576d056f
stream-protocol,63c8c93eaa1a876c83cb475f
shield-1,5b29f47d75cf69000ef18bb3
bunicorn,63c8dc1e4a323b78af8aec9d
uplexa,63c8bf257525e80f4c784c99
catex-token,63c8c0a67525e80f4c784d50
inmax,5d07620d046462000ecbfec8
trezarcoin,63c163e233928b03f01818e9
piplcoin,63c1640333928b03f0181901
faceter,63c8bdb07525e80f4c784bc0
alphacat,5b29685a75cf69000ef18b74
mmocoin,63c8be507525e80f4c784c22
ancient-kingdom,63c8fc0a4a323b78af8afbc7
lunyr,5b25fec0b84b58000e5d9350
peos,5e47cb8f3eeff40018892c6d
vektor,63c9058f4a323b78af8b017c
sportcash-one,63c8dbba4a323b78af8aec71
meschain,63c8c2497525e80f4c784e7f
bemil-coin,63c8f0c54a323b78af8af4f7
aditus,63c17b18dc04ef7aca2bdffc
nfx-coin,63c8c604aa1a876c83cb452d
uptoken,63c17adadc04ef7aca2bdfdc
ritocoin,63c8c1497525e80f4c784dba
rate3,5b602aff900ca8000eb2074b
ormeus-ecosystem,63c8c1787525e80f4c784de4
cosmochain,5cfe106b6e3915000eddcfaf
decentbet,5b2600b5b84b58000e5d9356
netrum,63c8c0507525e80f4c784d26
blockburn,63c8c0c67525e80f4c784d61
coinalpha,63c8ee2b4a323b78af8af336
opal,63c14ae72e8fab2b576d0547
castweet,60550926e7521e001049fd1a
shield-protocol,63c8cc68aa1a876c83cb4960
mybit-token,5b13a293624c02000ee5128a
all-best-ico,63c8c3efaa1a876c83cb43a8
digitex-futures,5ce7a46b7cfe9d000e778de9
mediccoin,5b2a00a275cf69000ef18bc5
reward-hunters-token,63c8e3f14a323b78af8af151
arbitragect,63c16f9258832a6339ccec5c
imagecoin,63c8c0e97525e80f4c784d7c
envion,5b2911b275cf69000ef18b5c
arepacoin,63c8bdc67525e80f4c784bd2
tokenbox,63c170839e487e29149883f4
8x8-protocol,63c8c654aa1a876c83cb4562
blocktix,5b31d6818f3658000eac0c12
scholarship-coin,63c8ce45aa1a876c83cb4a7b
dragonvein,63c8c71aaa1a876c83cb45f8
safeinsure,63c8be157525e80f4c784bff
bsclaunch,63c8dc9a4a323b78af8aecf4
quantis-network,63c8be2f7525e80f4c784c10
scriv-network,63c8be407525e80f4c784c19
kalata,63c8da364a323b78af8aeb5f
kemacoin,63c8c490aa1a876c83cb4411
draftcoin,63c14b282e8fab2b576d059d
paypex,5b176a676bcb44000e79a558
sweetbridge,5b138641e29e14000e53e0c3
dynamite,63c8c1127525e80f4c784d8e
safecapital,63c8c3c9aa1a876c83cb438d
sf-capital,63c8bfb37525e80f4c784cdf
the-currency-analytics,63c8bee47525e80f4c784c7f
entercoin,5cd2fd82b835f8000e5cb195
crdt,63c8c5a3aa1a876c83cb44e7
ponzicoin,63c14b482e8fab2b576d05c5
dymmax,63c8cb3baa1a876c83cb48a1
aquari,63c8dc3e4a323b78af8aecae
funder-one-capital,63c8cd27aa1a876c83cb49d3
privateum-initiative,63c8da9a4a323b78af8aebb7
compound-usdt,63c8c6dbaa1a876c83cb45c4
sorachancoin,63c8c6baaa1a876c83cb45a0
aquari,63c8dc3e4a323b78af8aecae
hellenic-coin,60841d8b0b94e6000f6f61f1
ixledger,5b29016e75cf69000ef18b40
oasisbloc,63c8ca65aa1a876c83cb481c
privateum-initiative,63c8da9a4a323b78af8aebb7
funder-one-capital,63c8cd27aa1a876c83cb49d3
ethereum-meta,63c8be8b7525e80f4c784c3d
maximine-coin,5ccb068009b644000eadb9f4
rakun,63c8c4daaa1a876c83cb444f
jinbi-token,63c8bf4b7525e80f4c784cb2
asia-coin,60c86b2d9721ef000f549824
vidyx,63c8cba8aa1a876c83cb48dc
privateum-initiative,63c8da9a4a323b78af8aebb7
oyster,5b2787762d071d000ea36cd6
kickico,5e1b67570aa9e9000ea0fda1
aquari,63c8dc3e4a323b78af8aecae
idea-chain-coin,604374e5d4f39a0010f5d4f5
dymmax,63c8cb3baa1a876c83cb48a1
silverway,5e1b5eba0aa9e9000ea0fd94
yfione,63c8cc40aa1a876c83cb4947
shih-tzu,63c8db134a323b78af8aec19
impulseven,63c8cebcaa1a876c83cb4ac2
metis,63c8ca54aa1a876c83cb4813
venus-cardano,63c8da3e4a323b78af8aeb68
experience-points,5b260813b84b58000e5d935c
dymmax,63c8cb3baa1a876c83cb48a1
aquari,63c8dc3e4a323b78af8aecae
compound-usdt,63c8c6dbaa1a876c83cb45c4
funder-one-capital,63c8cd27aa1a876c83cb49d3
trice,63909b989f1d106c91e74399
olympus-labs,5b2a071875cf69000ef18bcf
fme,63c8c741aa1a876c83cb461c
oasisbloc,63c8ca65aa1a876c83cb481c
vidyx,63c8cba8aa1a876c83cb48dc
dapp-token,63c8c1067525e80f4c784d85
bankroll-network,63c8c391aa1a876c83cb4360
aquari,63c8dc3e4a323b78af8aecae
solbit,63c8c2707525e80f4c784e9a
dymmax,63c8cb3baa1a876c83cb48a1
counos-x,63c8c5b0aa1a876c83cb44f0
counos-x,63c8c5b0aa1a876c83cb44f0
metis,63c8ca54aa1a876c83cb4813
venus-cardano,63c8da3e4a323b78af8aeb68
vidyx,63c8cba8aa1a876c83cb48dc
yfione,63c8cc40aa1a876c83cb4947
moonlight-token,63c8dbc74a323b78af8aec7a
free-coin,5d069c5af91239000ea5f317
dymmax,63c8cb3baa1a876c83cb48a1
locktrip,5b4b02d6d17267000e44ad39
funder-one-capital,63c8cd27aa1a876c83cb49d3
privateum-initiative,63c8da9a4a323b78af8aebb7
inlock,63c8c1e07525e80f4c784e35
earneo,63c8bebf7525e80f4c784c60
gold-secured-currency,63c8dce04a323b78af8aed0e
moonlight-token,63c8dbc74a323b78af8aec7a
itam-games,63c8c7feaa1a876c83cb4687
compound-usd-coin,63c8c4b3aa1a876c83cb442c
south-african-tether,63c8c73faa1a876c83cb4613
bilira,63c8c45faa1a876c83cb43ee
sorachancoin,63c8c6baaa1a876c83cb45a0
south-african-tether,63c8c73faa1a876c83cb4613
bilira,63c8c45faa1a876c83cb43ee
vidyx,63c8cba8aa1a876c83cb48dc
arcs,63c8c3d5aa1a876c83cb4396
venus-cardano,63c8da3e4a323b78af8aeb68
privateum-initiative,63c8da9a4a323b78af8aebb7
chain-games,606e1c4b4493cf0010ed7a47
aquari,63c8dc3e4a323b78af8aecae
dymmax,63c8cb3baa1a876c83cb48a1
funder-one-capital,63c8cd27aa1a876c83cb49d3
venus-cardano,63c8da3e4a323b78af8aeb68
privateum-initiative,63c8da9a4a323b78af8aebb7
dymmax,63c8cb3baa1a876c83cb48a1
aquari,63c8dc3e4a323b78af8aecae
copiosa-coin,63c8db4c4a323b78af8aec3d
vidyx,63c8cba8aa1a876c83cb48dc
funder-one-capital,63c8cd27aa1a876c83cb49d3
compound-usdt,63c8c6dbaa1a876c83cb45c4
certified-diamond-coin,5e46d50e0ee1ca000e6625d5
tgold,63c8c6afaa1a876c83cb4597
dinolfg,63909adc5d9f357ba4cefba3
compound-usdt,63c8c6dbaa1a876c83cb45c4
sorachancoin,63c8c6baaa1a876c83cb45a0
compound-augur,63c8c6e2aa1a876c83cb45cd
funder-one-capital,63c8cd27aa1a876c83cb49d3
bns-token,63c8c74daa1a876c83cb4625
bts-chain,63c8c7ceaa1a876c83cb466c
axion,6061b20d29f30500103cc842
jointer,607f3836b8a4cc0010364e72
tgold,63c8c6afaa1a876c83cb4597
jointer,607f3836b8a4cc0010364e72
privateum-initiative,63c8da9a4a323b78af8aebb7
blx,624eff2e7574246bb6f2d418
mixin,5af06fe412eed6000d535132
botxcoin,5d007b9e1a9eb5000efc740c
aquari,63c8dc3e4a323b78af8aecae
dymmax,63c8cb3baa1a876c83cb48a1
funder-one-capital,63c8cd27aa1a876c83cb49d3
gerowallet,63c8dc104a323b78af8aec94
tgold,63c8c6afaa1a876c83cb4597
compound-usdt,63c8c6dbaa1a876c83cb45c4
sorachancoin,63c8c6baaa1a876c83cb45a0
gerowallet,63c8dc104a323b78af8aec94
funder-one-capital,63c8cd27aa1a876c83cb49d3
tgold,63c8c6afaa1a876c83cb4597
vidyx,63c8cba8aa1a876c83cb48dc
crypto-holding-frank-token,63c8c5c5aa1a876c83cb4502
compound-0x,63c8c6cfaa1a876c83cb45b2
tilwiki,63c8c537aa1a876c83cb4497
esr-coin,63c8c863aa1a876c83cb46cb
aquari,63c8dc3e4a323b78af8aecae
compound-usdt,63c8c6dbaa1a876c83cb45c4
sorachancoin,63c8c6baaa1a876c83cb45a0
gerowallet,63c8dc104a323b78af8aec94
kepler-network,63c8c4ccaa1a876c83cb443e
impulseven,63c8cebcaa1a876c83cb4ac2
dymmax,63c8cb3baa1a876c83cb48a1
lgo-exchange,5b24e4efb84b58000e5d92af
tbtc,605505b7e7521e001049fd0c
pibble,63c8bf597525e80f4c784cbb
tbtc,605505b7e7521e001049fd0c
pibble,63c8bf597525e80f4c784cbb
naga,5b252adcb84b58000e5d9301
skillchain,63c8c65faa1a876c83cb456b
whole-network,63c8c1b77525e80f4c784e11
izichain,5cc950e0d35ff90018ac7f48
compound-wrapped-btc,63c8c6d5aa1a876c83cb45bb
dionpay,63c8c79aaa1a876c83cb4651
fileshare-platform,63909bf09f1d106c91e743fe
darcrus,5b29dc4d75cf69000ef18b8a
compound-wrapped-btc,63c8c6d5aa1a876c83cb45bb
dionpay,63c8c79aaa1a876c83cb4651
fileshare-platform,63909bf09f1d106c91e743fe
gerowallet,63c8dc104a323b78af8aec94
darcrus,5b29dc4d75cf69000ef18b8a
sorachancoin,63c8c6baaa1a876c83cb45a0
polybius,5b29dd7e75cf69000ef18b8d
compound-usdt,63c8c6dbaa1a876c83cb45c4
crust,60a17754e26d6b000f7d3cda
life,5b31cf438f3658000eac0c05
crust,60a17754e26d6b000f7d3cda
funder-one-capital,63c8cd27aa1a876c83cb49d3
life,5b31cf438f3658000eac0c05
aquari,63c8dc3e4a323b78af8aecae
mytoken,63c17b46dc04ef7aca2be014
gerowallet,63c8dc104a323b78af8aec94
insureum,63c8be797525e80f4c784c34
sorachancoin,63c8c6baaa1a876c83cb45a0
ecomi,60644a38844e3f0010f19ab5
dymmax,63c8cb3baa1a876c83cb48a1
tidex-token,63c178d5d8ad54ed148db708
dymmax,63c8cb3baa1a876c83cb48a1
varc,63c8c66eaa1a876c83cb4574
proof-of-memes,63918e27429e6184adb3ddc5
blocknotex,63c8c6a5aa1a876c83cb458e
ubiner,63c8c9a9aa1a876c83cb47a7
metis,63c8ca54aa1a876c83cb4813
bincentive,63c8c2017525e80f4c784e52
aquari,63c8dc3e4a323b78af8aecae
tierion,5b25e773b84b58000e5d931e
space-token,63c8dc484a323b78af8aecb7
tierion,5b25e773b84b58000e5d931e
vidyx,63c8cba8aa1a876c83cb48dc
aeron,5b601bd4900ca8000eb2073e
exmr-fdn,5e4707340ee1ca000e662605
venus-cardano,63c8da3e4a323b78af8aeb68
decent,5b25f5d7b84b58000e5d933f
beeswap,6062029229f30500103cca0b
edc-blockchain,5d8a33ef03d49f001864b6e6
privateum-initiative,63c8da9a4a323b78af8aebb7
impulseven,63c8cebcaa1a876c83cb4ac2
oasisbloc,63c8ca65aa1a876c83cb481c
moonlight-token,63c8dbc74a323b78af8aec7a
metis,63c8ca54aa1a876c83cb4813
space-token,63c8dc484a323b78af8aecb7
gbex,61dec647b51c96000ff1c354
bizzcoin,63c8c55aaa1a876c83cb44b2
vidyx,63c8cba8aa1a876c83cb48dc
hintchain,6061f41429f30500103cc9b9
ins-ecosystem,5b25955fb84b58000e5d9310
hintchain,6061f41429f30500103cc9b9
simbcoin-swap,63c8ca43aa1a876c83cb480a
oasisbloc,63c8ca65aa1a876c83cb481c
ins-ecosystem,5b25955fb84b58000e5d9310
ttc-protocol,5cfe0d286e3915000eddcfaa
impulseven,63c8cebcaa1a876c83cb4ac2
moonlight-token,63c8dbc74a323b78af8aec7a
npcoin,5e467b0403c305000ef755ab
beldex,5e21f11e9aa6ab000e77a29e
space-token,63c8dc484a323b78af8aecb7
impulseven,63c8cebcaa1a876c83cb4ac2
basketcoin,63c8cd97aa1a876c83cb4a12
copiosa-coin,63c8db4c4a323b78af8aec3d
mindol,5e21dcc49aa6ab000e77a28d
sprink,63c8ce58aa1a876c83cb4a8d
american-shiba,63c8dc644a323b78af8aecc9
simbcoin-swap,63c8ca43aa1a876c83cb480a
blockport,5b2f20fa3b8e93000e2bc187
cnns,63c8c01f7525e80f4c784d0b
guapcoin,63c8c43faa1a876c83cb43d5
guapcoin,63c8c43faa1a876c83cb43d5
bitpanda-ecosystem-token,6074bc084ff7640010e5053d
ecoreal-estate,5ce6b1a4dcfde8000e991693
basketcoin,63c8cd97aa1a876c83cb4a12
mothership,5b28acc22d071d000ea36cd9
test,62cc1c5d0dc9853868400e18
impulseven,63c8cebcaa1a876c83cb4ac2
casinocoin,5b29299875cf69000ef18b68
blockstamp,5e1cc0a13833df000e67a29d
american-shiba,63c8dc644a323b78af8aecc9
blockstamp,5e1cc0a13833df000e67a29d
vynk-chain,63c8d98d4a323b78af8aeaeb
veriblock,5cff31bb6edb820018c1ae66
yfione,63c8cc40aa1a876c83cb4947
eron-project,617e73e5db9afb000f4f2dcd
flexacoin,5ed41881f9f81a000edff179
basketcoin,63c8cd97aa1a876c83cb4a12
tourismx-token,63909b7a9f1d106c91e7438c
american-shiba,63c8dc644a323b78af8aecc9
alias,63c14ba92e8fab2b576d0614
ultralpha,63c8c1417525e80f4c784db1
codex,63c8c1f67525e80f4c784e49
cpucoin,63c8cc09aa1a876c83cb4924
tratok,63c8bfff7525e80f4c784d02
yfione,63c8cc40aa1a876c83cb4947
alpha-finance-lab,6041506ed9bcb60010740fd2
litecash,63c8c40caa1a876c83cb43ba
ubiner,63c8c9a9aa1a876c83cb47a7
american-shiba,63c8dc644a323b78af8aecc9
bodhi,5b277d912d071d000ea36cbe
gold-secured-currency,63c8dce04a323b78af8aed0e
meetple,63c8cde6aa1a876c83cb4a2b
buzzshow,63c8c5eaaa1a876c83cb451c
junca-cash,63c8c897aa1a876c83cb46ed
coinflex,6061f1ff29f30500103cc9ad
camp,63c8c97faa1a876c83cb478c
silent-notary,5b29fc9275cf69000ef18bbf
chronobank,5b29313d75cf69000ef18b71
pando,63c8cd35aa1a876c83cb49dc
etheroll,5d076086046462000ecbfec2
bitonyx,63c8c997aa1a876c83cb479e
gold-secured-currency,63c8dce04a323b78af8aed0e
shih-tzu,63c8db134a323b78af8aec19
eddaswap,63c8ce08aa1a876c83cb4a45
vynk-chain,63c8d98d4a323b78af8aeaeb
cryptobank,63c8cb20aa1a876c83cb4898
meetple,63c8cde6aa1a876c83cb4a2b
aces,63c14b8f2e8fab2b576d05fc
yfione,63c8cc40aa1a876c83cb4947
ubiner,63c8c9a9aa1a876c83cb47a7
bitonyx,63c8c997aa1a876c83cb479e
camp,63c8c97faa1a876c83cb478c
aces,63c14b8f2e8fab2b576d05fc
meetple,63c8cde6aa1a876c83cb4a2b
eddaswap,63c8ce08aa1a876c83cb4a45
vynk-chain,63c8d98d4a323b78af8aeaeb
cryptobank,63c8cb20aa1a876c83cb4898
shih-tzu,63c8db134a323b78af8aec19
pando,63c8cd35aa1a876c83cb49dc
yfione,63c8cc40aa1a876c83cb4947
beforecoinmarketcap,63c8da164a323b78af8aeb44
macaronswap,63c8cea1aa1a876c83cb4ab0
aces,63c14b8f2e8fab2b576d05fc
camp,63c8c97faa1a876c83cb478c
gold-secured-currency,63c8dce04a323b78af8aed0e
orakuru,63c8d9964a323b78af8aeaf4
bitonyx,63c8c997aa1a876c83cb479e
shih-tzu,63c8db134a323b78af8aec19
meetple,63c8cde6aa1a876c83cb4a2b
eddaswap,63c8ce08aa1a876c83cb4a45
macaronswap,63c8cea1aa1a876c83cb4ab0
verox,63c8cbcfaa1a876c83cb4900
calicoin,63c8dab34a323b78af8aebc9
dequant,63c8cbaeaa1a876c83cb48e5
orakuru,63c8d9964a323b78af8aeaf4
total-crypto-market-cap-token,63c8daed4a323b78af8aebff
idk,63c8c620aa1a876c83cb453f
shih-tzu,63c8db134a323b78af8aec19
gold-secured-currency,63c8dce04a323b78af8aed0e
compound-dai,63c8c4adaa1a876c83cb4423
actifit,63c8d9df4a323b78af8aeb20
aces,63c14b8f2e8fab2b576d05fc
beforecoinmarketcap,63c8da164a323b78af8aeb44
wallstreetbets-dapp,63c8db354a323b78af8aec2b
total-crypto-market-cap-token,63c8daed4a323b78af8aebff
junca-cash,63c8c897aa1a876c83cb46ed
calicoin,63c8dab34a323b78af8aebc9
aurix,63c8ce33aa1a876c83cb4a69
dailyswap-token,63c8ce50aa1a876c83cb4a84
macaronswap,63c8cea1aa1a876c83cb4ab0
actifit,63c8d9df4a323b78af8aeb20
dailyswap-token,63c8ce50aa1a876c83cb4a84
sprink,63c8ce58aa1a876c83cb4a8d
idk,63c8c620aa1a876c83cb453f
total-crypto-market-cap-token,63c8daed4a323b78af8aebff
wallstreetbets-dapp,63c8db354a323b78af8aec2b
compound-dai,63c8c4adaa1a876c83cb4423
junca-cash,63c8c897aa1a876c83cb46ed
calicoin,63c8dab34a323b78af8aebc9
wibx,63c8c56faa1a876c83cb44c4
tanks-for-playing,63c8f3a44a323b78af8af6aa
sprink,63c8ce58aa1a876c83cb4a8d
pollux-coin,63c8c84caa1a876c83cb46ba
jindo-inu,63c8dcfc4a323b78af8aed22
fortress-lending,63c8daa84a323b78af8aebc0
idk,63c8c620aa1a876c83cb453f
compound-dai,63c8c4adaa1a876c83cb4423
wibx,63c8c56faa1a876c83cb44c4
tgold,63c8c6afaa1a876c83cb4597
gerowallet,63c8dc104a323b78af8aec94
idk,63c8c620aa1a876c83cb453f
sprink,63c8ce58aa1a876c83cb4a8d
compound-dai,63c8c4adaa1a876c83cb4423
888tron,63c8c759aa1a876c83cb462e
wibx,63c8c56faa1a876c83cb44c4
tgold,63c8c6afaa1a876c83cb4597
gerowallet,63c8dc104a323b78af8aec94
ziktalk,63c8c7a6aa1a876c83cb465a
sorachancoin,63c8c6baaa1a876c83cb45a0
compound-usdt,63c8c6dbaa1a876c83cb45c4
fortress-lending,63c8daa84a323b78af8aebc0
compound-dai,63c8c4adaa1a876c83cb4423
medicalveda,63c8c9ddaa1a876c83cb47cb
wibx,63c8c56faa1a876c83cb44c4
tgold,63c8c6afaa1a876c83cb4597
gerowallet,63c8dc104a323b78af8aec94
gysr,63c8c9f3aa1a876c83cb47dc
sorachancoin,63c8c6baaa1a876c83cb45a0
compound-usdt,63c8c6dbaa1a876c83cb45c4
funder-one-capital,63c8cd27aa1a876c83cb49d3
